generation_num,generation_time,training_fitness_min,training_fitness_lq,training_fitness_med,training_fitness_uq,training_fitness_max,training_fitness_std,training_fitness_mean,errors_min,errors_lq,errors_med,errors_uq,errors_max,errors_std,errors_mean,bounds_min,bounds_lq,bounds_med,bounds_uq,bounds_max,bounds_std,bounds_mean,size_min,size_lq,size_med,size_uq,size_max,size_std,size_mean,test_mse,test_rmse,test_r2,test_mae,test_rse,best_candidate_size,best_candidate_solution
1,9.90755060284539,9.681052827315854,24.354176989612686,49.5795495759309,208.14670445895965,59226440.180852056,3739089.341335974,249381.74516161374,9.431948884663525,24.10476838746215,49.32938828560832,207.89717040878043,59226439.931748115,3739089.341352456,249381.4958119363,0.24706093189964157,0.24910394265232977,0.24910394265232977,0.24910394265232977,0.2530465949820788,0.0008449871256458028,0.24934967741935485,3.0,3.0,3.0,7.0,7.0,1.7780888616714294,4.12,0.04485280877308181,0.21178481714486005,0.18669653062629654,0.14500000000000002,0.8133034693737033,3,"mul(ARG111, ARG69)"
2,10.0033908367717,8.991065068089199,18.00227443781354,24.456335029117323,61.773174399202475,64616.60720674751,6122.936089515139,976.5030007137199,8.740330301064109,17.75153967078845,24.207822484314455,61.522995187732946,64616.357762303065,6122.936106962407,976.2525372628638,0.24657706093189968,0.2506272401433692,0.25073476702508957,0.25073476702508957,0.25331541218637993,0.0007893787809883608,0.2504634508560739,1.0,3.0,3.0,5.0,9.0,1.7153141120899318,3.956175298804781,0.04351489759599332,0.20860224734166533,0.21095650077766315,0.0762,0.7890434992223376,3,"mul(ARG29, ARG40)"
3,10.09856508462724,8.739188334124904,14.974177962146051,19.82160685444682,28.87658746765392,2434266.272269803,153645.44586065793,9825.598648824594,8.489994785737807,14.724984413758953,19.572413306059723,28.627698578765028,2434266.023864785,153645.4459190936,9825.349322229611,0.24736559139784947,0.24919354838709679,0.24919354838709679,0.24919354838709679,0.2521326164874552,0.0006505204101316828,0.24932659498207885,1.0,3.0,3.0,5.0,11.0,1.648873554885274,3.904,0.04249083642737896,0.20613305515462327,0.22952551627675022,0.07999999999999999,0.7704744837232499,3,"mul(ARG66, ARG38)"
4,9.987567975405113,7.198550590138315,13.210241775238684,17.205037119461885,21.910178418260017,5912557.586421422,373192.4001120457,23680.96506259686,6.950987866123978,12.962679051224347,16.957474395447548,21.66261569424568,5912557.338858698,373192.40012772544,23680.717252274284,0.24727598566308245,0.24756272401433693,0.24756272401433693,0.24756272401433693,0.25240143369175627,0.0008364792325308843,0.24781032258064517,1.0,3.0,3.0,3.0,13.0,1.4898268355751951,3.696,0.036692697629382307,0.19155338062634736,0.334661549656025,0.07639999999999998,0.6653384503439754,3,"mul(ARG30, ARG40)"
5,9.970262014289005,6.90190814255314,11.276293137093113,15.487224914278226,20.32434706665419,507626.9110706267,31975.760949695672,2071.010295888415,6.651047927499376,11.02543292203935,15.236364699224463,20.073271797836988,507626.66021041165,31975.76094466491,2070.759515211838,0.24763440860215052,0.25086021505376344,0.25086021505376344,0.25086021505376344,0.2512903225806452,0.00041311784923786683,0.2507806765768468,1.0,3.0,3.0,3.0,11.0,1.1135440349500032,3.4223107569721116,0.032095986978297165,0.17915352907017257,0.4180124215969202,0.0688,0.5819875784030807,3,"mul(ARG41, ARG50)"
6,9.86215568306693,6.204579341739975,9.677038446488169,11.917443041967339,16.718285409795698,872.6852306758798,55.424332520780574,18.143948244726904,5.95334278260019,9.425801887348385,11.666206482827551,16.467048850655914,872.4341016436217,55.42433963451852,17.892721721429414,0.24905017921146955,0.25123655913978493,0.25123655913978493,0.25123655913978493,0.25216845878136196,0.00016534761493198843,0.251226523297491,1.0,3.0,3.0,3.0,9.0,0.8323076354329569,3.208,0.028554124971423168,0.1689796584545701,0.4822360173321847,0.06795744000000002,0.5177639826678156,3,"mul(ARG98, ARG50)"
7,9.900418005872666,6.2031456499837025,8.440142131856028,10.700979051312537,13.360383040205404,2013126.4125243912,127064.51583761508,8083.830866827001,5.95334278260019,8.190339264472513,10.451176183929022,13.110580172821889,2013126.1627215238,127064.51583852027,8083.581049622699,0.24905017921146955,0.24980286738351254,0.24980286738351254,0.24980286738351254,0.25166666666666665,0.00016805411626772684,0.2498172043010752,1.0,3.0,3.0,3.0,11.0,1.1320777358467926,3.28,0.028554124971423168,0.1689796584545701,0.4822360173321847,0.06795744000000002,0.5177639826678156,3,"mul(ARG98, ARG50)"
8,9.85072462984408,6.203826653567932,7.534085054723482,8.969919970576118,11.222442074609916,1726.0235966093196,109.37445943795936,18.61741492265755,5.95334278260019,7.28360118375574,8.719436099608377,10.971958203642174,1725.7740087956995,109.37451707564387,18.366927897567948,0.2495878136200717,0.25048387096774194,0.25048387096774194,0.25048387096774194,0.2539964157706093,0.00024045947204962343,0.25048702508960574,1.0,3.0,3.0,3.0,9.0,0.8875674622247033,3.168,0.028554124971423168,0.1689796584545701,0.4822360173321847,0.06795744000000002,0.5177639826678156,3,"mul(ARG98, ARG50)"
9,9.963659644687937,6.202536330987287,7.375780553599627,8.215093253686756,9.682953571259961,280.6949613684124,19.229082221847264,10.807326469130322,5.95334278260019,7.126587005212531,7.96589970529966,9.433760022872864,280.4457678200253,19.229045630700963,10.558126637631943,0.24869175627240142,0.24919354838709679,0.24919354838709679,0.24919354838709679,0.25084229390681,0.00011602738199294288,0.24919983149837927,1.0,3.0,3.0,3.0,9.0,0.6718790114369018,3.103585657370518,0.028554124971423168,0.1689796584545701,0.4822360173321847,0.06795744000000002,0.5177639826678156,3,"mul(ARG98, ARG50)"
10,9.8651381053038,6.204400130270441,7.356593696559235,8.278631752859834,8.970493447278628,41.444686881485275,3.1829971827172554,8.895460693963116,5.95334278260019,7.105536348888984,8.027574405189583,8.719436099608377,41.19362953381503,3.183061460677853,8.644419833748064,0.2489426523297491,0.2510573476702509,0.2510573476702509,0.2510573476702509,0.2513440860215054,0.0001763513708901208,0.2510408602150538,1.0,3.0,3.0,3.0,9.0,0.6533115642631776,3.072,0.028554124971423168,0.1689796584545701,0.4822360173321847,0.06795744000000002,0.5177639826678156,3,"mul(ARG98, ARG50)"
11,9.80842910677893,6.201488514451254,7.200898260389211,7.533511578020973,8.686950806991305,89.2030668198839,6.412586829416661,9.011658825073765,5.951578120186022,6.950987866123978,7.28360118375574,8.437040412726072,88.95315642561867,6.4125799915670365,8.761746423640075,0.24844086021505374,0.24991039426523298,0.24991039426523298,0.24991039426523298,0.25188172043010754,0.0001554946943358486,0.24991240143369167,3.0,3.0,3.0,3.0,9.0,0.5729362966334042,3.088,0.029377857462437394,0.1713997008819951,0.4672995058604711,0.0645,0.53270049413953,5,"mul(ARG41, add(ARG91, ARG50))"
12,9.849821279507296,6.198370234881362,7.197779980819319,7.7138684487969575,8.683832527421412,742170.0527919094,46844.397852264214,2977.9334642297495,5.951578120186022,6.950987866123978,7.467076334101617,8.437040412726072,742169.8011969273,46844.39755082658,2977.686625376704,0.2456451612903226,0.24679211469534046,0.24679211469534046,0.24679211469534046,0.25320788530465954,0.0005200018775912791,0.24683885304659495,1.0,3.0,3.0,3.0,9.0,1.025249237990451,3.192,0.029377857462437394,0.1713997008819951,0.4672995058604711,0.0645,0.53270049413953,5,"mul(ARG41, add(ARG91, ARG50))"
13,9.83380972208738,6.204481345992473,7.153215078186402,7.536504409562192,8.643146197417853,48987.15066806769,3153.2638407373734,249.14406968974666,5.951578120186022,6.90031185237995,7.28360118375574,8.390242971611402,48986.89776484188,3153.263840649163,248.89119645151672,0.2487813620071685,0.25290322580645164,0.25290322580645164,0.25290322580645164,0.25290322580645164,0.00032535567173684415,0.25287323822987623,1.0,3.0,3.0,3.0,9.0,0.7628623837387365,3.087649402390438,0.029377857462437394,0.1713997008819951,0.4672995058604711,0.0645,0.53270049413953,5,"mul(ARG41, add(ARG91, ARG50))"
14,9.903801442799136,6.1663566242620185,7.072158277941611,7.5044246413377245,8.640009996701007,870.5360150962622,54.4768238712422,12.15758472819961,5.916589599172413,6.822391252852006,7.254657616248119,8.390242971611402,870.2862480711726,54.47682163635656,11.907814133160416,0.2495878136200717,0.24976702508960574,0.24976702508960574,0.24976702508960574,0.25041218637992835,5.010520590922164e-05,0.24977059503919807,1.0,3.0,3.0,3.0,9.0,0.8107153684128703,3.1673306772908365,0.041219025548175504,0.20302469196670514,0.25258690816586127,0.08613636363636362,0.7474130918341378,5,"mul(div(ARG62, ARG42), ARG40)"
15,9.969628758303088,6.045505274002207,6.994148072678901,7.5253095945460595,8.68671783208091,103215.84067195341,6503.599858034177,432.39415720938706,5.795827854647368,6.744470653324062,7.2756321751912205,8.437040412726072,103215.59034937277,6503.599817351406,432.14447821925444,0.2493906810035842,0.24967741935483873,0.24967741935483873,0.24967741935483873,0.2503225806451613,4.459277180274299e-05,0.24967899013265932,1.0,3.0,3.0,3.0,9.0,0.7344521830631339,3.135458167330677,0.05178394337875899,0.2275608564291297,0.061016200326079684,0.09,0.9389837996739213,5,"mul(div(ARG62, ARG42), ARG41)"
16,9.912854299608966,6.044609216654536,6.9932520153312305,7.52293622979923,8.90489650089102,3622.294255746431,272.7168345569979,35.120908634841044,5.795827854647368,6.744470653324062,7.2741548677920616,8.656115138883852,3622.040707359334,272.7165658474859,34.872104567954466,0.2481362007168459,0.2487813620071685,0.2487813620071685,0.2487813620071685,0.2535483870967742,0.00031872810653419526,0.2488040668865755,3.0,3.0,3.0,3.0,11.0,0.9481736911963995,3.239043824701195,0.05178394337875899,0.2275608564291297,0.061016200326079684,0.09,0.9389837996739213,5,"mul(div(ARG62, ARG42), ARG41)"
17,9.863428741055827,6.044662980095397,6.993305778772091,8.276409530637611,9.272753283273378,11477.128720073657,723.8478717954715,55.82981711878344,5.795827854647368,6.744470653324062,8.027574405189583,9.02391815782535,11476.879884948208,723.8478722916533,55.580947297994896,0.24858422939068098,0.24883512544802866,0.24883512544802866,0.24883512544802866,0.25163082437275985,0.0002849923904822802,0.24886982078853037,1.0,3.0,3.0,3.0,9.0,1.0239062457080725,3.296,0.05178394337875899,0.2275608564291297,0.061016200326079684,0.09,0.9389837996739213,5,"mul(div(ARG62, ARG42), ARG41)"
18,9.853085465081676,6.048103840310451,7.0356587624102485,8.54942315821442,9.276194143488432,4790.538696666427,361.3260037589064,46.061253607374454,5.795827854647368,6.783382776747166,8.297147172551337,9.02391815782535,4790.286420680764,361.3260105614181,45.80898378658592,0.2510215053763441,0.25227598566308246,0.25227598566308246,0.25227598566308246,0.2524551971326165,8.516913423442117e-05,0.25226982078853044,1.0,3.0,3.0,3.0,11.0,1.0033224805614593,3.312,0.05178394337875899,0.2275608564291297,0.061016200326079684,0.09,0.9389837996739213,5,"mul(div(ARG62, ARG42), ARG41)"
19,9.930726633494487,6.046186277586436,6.99482907626313,8.339607528018572,8.969794522547446,5931.684602415972,373.2031175341669,34.097948463670114,5.795827854647368,6.744470653324062,8.089249105079505,8.719436099608377,5931.434781627442,373.2031510834204,33.84759146871089,0.24910394265232977,0.25035842293906807,0.25035842293906807,0.25035842293906807,0.25172043010752687,0.0001232428502687899,0.25035699495923114,3.0,3.0,3.0,3.0,11.0,1.1176417269380998,3.4302788844621515,0.05178394337875899,0.2275608564291297,0.061016200326079684,0.09,0.9389837996739213,5,"mul(div(ARG62, ARG42), ARG41)"
20,9.907078435797871,5.9977021793401635,6.9955996855821265,8.548276204809403,9.805179921264976,2254696.5427680262,142313.3066426814,9030.496847490405,5.746573147082099,6.744470653324062,8.297147172551337,9.554050889006913,2254696.291638994,142313.30664279862,9030.245716594347,0.25073476702508957,0.2511290322580645,0.2511290322580645,0.2511290322580645,0.2519892473118279,5.981794298409227e-05,0.25113089605734756,1.0,3.0,3.0,3.0,9.0,1.117969588137352,3.488,0.06466268716050676,0.25428859030736467,-0.17251046802287306,0.08090909090909087,1.1725104680228744,5,"mul(ARG38, div(ARG62, ARG42))"
21,10.05885466903203,5.997325835254142,6.995223341496105,8.54789986072338,10.386108298929493,403.6028419872864,34.141007367235225,13.203341275540026,5.746573147082099,6.744470653324062,8.297147172551337,10.13535561075745,403.35208929911437,34.14100976303309,12.952591157731689,0.25010752688172044,0.250752688172043,0.250752688172043,0.250752688172043,0.250752688172043,4.0641018637298864e-05,0.25075011780833656,1.0,3.0,3.0,5.0,9.0,0.9817302203194543,3.557768924302789,0.06466268716050676,0.25428859030736467,-0.17251046802287306,0.08090909090909087,1.1725104680228744,5,"mul(ARG38, div(ARG62, ARG42))"
22,9.964513757592954,5.560320243832093,6.993735886298973,8.546412405526247,11.216613384097826,21821.35100468377,1493.2189748288035,138.75859984362143,5.311055010857182,6.744470653324062,8.297147172551337,10.967348151122916,21821.100771708858,1493.2188578549944,138.5092915998938,0.24926523297491043,0.24926523297491043,0.24926523297491043,0.24926523297491043,0.25184587813620074,0.00027916522500431043,0.24930824372759855,1.0,3.0,3.0,5.0,11.0,1.4206702643470792,3.736,0.025886292721202006,0.1608921773151262,0.5306110753088011,0.06629999999999998,0.4693889246911994,5,"mul(add(ARG40, ARG43), ARG50)"
23,9.965865083175686,5.561216301179763,6.994631943646643,8.547308462873918,10.471085484947496,311704.8198674643,19634.607355092157,1254.8145525337943,5.311055010857182,6.744470653324062,8.297147172551337,10.220924194624915,311704.5701721238,19634.607384449257,1254.5643929570472,0.2496953405017921,0.25016129032258067,0.25016129032258067,0.25016129032258067,0.25023297491039426,2.9793149016227618e-05,0.2501595767467763,1.0,3.0,3.0,5.0,9.0,1.1274266872238403,3.6215139442231075,0.025886292721202006,0.1608921773151262,0.5306110753088011,0.06629999999999998,0.4693889246911994,5,"mul(add(ARG40, ARG43), ARG50)"
24,10.005325896299041,5.557667914082989,6.991083556549869,8.543760075777143,10.508525905744976,351.85806457270127,32.14849302269326,13.931973998845917,5.311055010857182,6.744470653324062,8.297147172551337,10.26191300251917,351.61145166947546,32.14845910433808,13.685322682962495,0.245,0.24661290322580642,0.24661290322580642,0.24661290322580642,0.2532437275985663,0.00046278493486707204,0.2466513158834197,1.0,3.0,3.0,5.0,9.0,1.2480234686782823,3.7808764940239046,0.025886292721202006,0.1608921773151262,0.5306110753088011,0.06629999999999998,0.4693889246911994,5,"mul(add(ARG40, ARG43), ARG50)"
25,9.978490357574742,5.562542466054315,6.92589106415268,8.641730426808534,11.167396381255625,403.6035767543115,40.226763031184156,15.613528876880215,5.311055010857182,6.674403608955547,8.390242971611402,10.915908926058494,403.35208929911437,40.22677403860182,15.362052031002076,0.2488709677419355,0.2514874551971326,0.2514874551971326,0.2514874551971326,0.25209677419354837,0.00017441754408012642,0.2514768458781361,1.0,3.0,3.0,5.0,11.0,1.3397074307474748,3.928,0.025886292721202006,0.1608921773151262,0.5306110753088011,0.06629999999999998,0.4693889246911994,5,"mul(add(ARG40, ARG43), ARG50)"
26,10.02906089987232,5.562219885409154,6.925568483507519,8.641407846163373,11.638403589269664,10645.965128556636,671.6765939037339,55.78422640745183,5.311055010857182,6.674403608955547,8.390242971611402,11.387238714717695,10645.715648269897,671.6766997427973,55.533080170892674,0.24862007168458783,0.25116487455197134,0.25116487455197134,0.25116487455197134,0.2515232974910394,0.00019791178697333158,0.25114623655913987,1.0,3.0,3.0,5.0,9.0,1.2367699866992246,3.88,0.025886292721202006,0.1608921773151262,0.5306110753088011,0.06629999999999998,0.4693889246911994,5,"mul(add(ARG40, ARG43), ARG50)"
27,10.154069616036281,5.5614492760901575,6.994864918557037,8.640637236844377,11.949510881922421,351.8618459347084,29.414583654021204,13.913892975182584,5.311055010857182,6.744470653324062,8.390242971611402,11.699116616689448,351.61145166947546,29.414583781900177,13.663499995131463,0.25014336917562724,0.2503942652329749,0.2503942652329749,0.2503942652329749,0.2504659498207885,1.8748456239373454e-05,0.25039298005112176,3.0,3.0,3.0,5.0,11.0,1.267057549745752,4.01195219123506,0.025886292721202006,0.1608921773151262,0.5306110753088011,0.06629999999999998,0.4693889246911994,5,"mul(ARG50, add(ARG40, ARG43))"
28,10.071197041655637,5.5590836846923075,6.992499327159187,9.922303679113984,13.759181433289998,114855.6561530587,7235.665891595871,485.31294431994075,5.311055010857182,6.744470653324062,9.674275005278858,13.511152759454871,114855.40812438488,7235.665892426817,485.0649017947011,0.24792114695340506,0.24802867383512545,0.24802867383512545,0.24802867383512545,0.25161290322580643,0.00022591209677528284,0.24804252523954362,1.0,3.0,3.0,5.0,11.0,1.3157306428934514,4.043824701195219,0.025886292721202006,0.1608921773151262,0.5306110753088011,0.06629999999999998,0.4693889246911994,5,"mul(ARG50, add(ARG40, ARG43))"
29,10.166571369941835,5.560822035946788,6.9008149525889815,9.310429790936169,13.995512251380262,7027.718971765224,593.0645137174221,88.47424094177686,5.311055010857182,6.651047927499376,9.060662765846564,13.745745226290659,7027.469204740134,593.0644467098031,88.22446820476787,0.24869175627240142,0.24976702508960574,0.24976702508960574,0.24976702508960574,0.25191756272401433,0.00015621042100772285,0.2497727370089535,3.0,3.0,3.0,5.0,11.0,1.4707617983938799,4.219123505976095,0.025886292721202006,0.1608921773151262,0.5306110753088011,0.06629999999999998,0.4693889246911994,5,"mul(ARG50, add(ARG40, ARG43))"
30,10.196305940339585,5.534596970985674,6.994219757266714,10.003226396848278,14.994810497325696,3264.163569909887,280.731813821742,41.3420729278003,5.2848478670430215,6.744470653324062,9.753477292905625,14.745061393383043,3263.9138208059444,280.7318152882026,41.092299976594376,0.24967741935483873,0.24974910394265232,0.24974910394265232,0.24974910394265232,0.25146953405017924,0.00019445499372079642,0.24977295120592893,1.0,3.0,5.0,5.0,11.0,1.6288146774194203,4.442231075697211,0.026101829215358932,0.16156060539425735,0.5267028121861653,0.0686,0.4732971878138351,5,"mul(ARG50, add(ARG41, ARG43))"
31,10.106594770529341,5.535188368835136,6.901388429291491,9.625711785826681,14.463308296479578,3608.7463184527473,300.257153129772,55.96279957341274,5.2848478670430215,6.651047927499376,9.375371284034566,14.212967794687463,3608.4959779509554,300.2571508423876,55.71247785298263,0.2489068100358423,0.2503405017921147,0.2503405017921147,0.2503405017921147,0.2509856630824373,0.0001771980952619956,0.2503217204301075,1.0,3.0,3.0,5.0,17.0,1.8218408272952937,4.336,0.026101829215358932,0.16156060539425735,0.5267028121861653,0.0686,0.4732971878138351,5,"mul(add(ARG41, ARG43), ARG50)"
32,10.072647695930073,5.535833530125458,6.995456316406499,9.676226255800884,14.3192993097881,12462.349818524413,815.989859792058,80.27167915070505,5.2848478670430215,6.744470653324062,9.425240592718447,14.068313646705663,12462.098832861331,815.9898597690028,80.0206892036831,0.2504480286738351,0.2509856630824373,0.2509856630824373,0.2509856630824373,0.2522043010752688,8.757394148990725e-05,0.25098994702194816,1.0,3.0,3.0,5.0,9.0,1.433288735094655,4.171314741035856,0.026101829215358932,0.16156060539425735,0.5267028121861653,0.0686,0.4732971878138351,5,"mul(add(ARG41, ARG43), ARG50)"
33,10.194461102001924,5.53441775951614,6.994040545797181,8.938901890308946,13.77638513330682,3608.7455478434285,444.7874282128616,96.30806435093,5.2848478670430215,6.744470653324062,8.689331997835827,13.5268152408337,3608.4959779509554,444.78742980295556,96.05848012153932,0.24956989247311828,0.24956989247311828,0.24956989247311828,0.24956989247311828,0.25150537634408604,0.0001457508272959566,0.24958422939068098,3.0,3.0,5.0,5.0,11.0,1.5964159858883897,4.384,0.026101829215358932,0.16156060539425735,0.5267028121861653,0.0686,0.4732971878138351,5,"mul(add(ARG41, ARG43), ARG50)"
34,10.156099450504598,5.534005573136211,6.993628359417252,10.002634998998815,15.20207984777023,4125.63127140978,318.1402203273863,46.529524639460156,5.2848478670430215,6.744470653324062,9.753477292905625,14.95292214167704,4125.3821137036875,318.1402191660684,46.28036136424561,0.24793906810035843,0.24915770609318993,0.24915770609318993,0.24915770609318993,0.25087813620071686,0.00014448827534102243,0.24916327521455398,1.0,3.0,5.0,5.0,13.0,1.7982565025008328,4.434262948207171,0.026101829215358932,0.16156060539425735,0.5267028121861653,0.0686,0.4732971878138351,5,"mul(add(ARG41, ARG43), ARG50)"
35,10.224326023519552,5.533826361666677,6.993449147947718,9.905960585385722,14.34656267989688,3608.744956445579,230.529921936473,33.349450241951835,5.2848478670430215,6.744470653324062,9.656982090762067,14.097584185273226,3608.4959779509554,230.52992025146528,33.10045818151972,0.24858422939068098,0.2489784946236559,0.2489784946236559,0.2489784946236559,0.25120071684587814,0.0001732585066400186,0.24899206043210673,1.0,3.0,5.0,5.0,15.0,1.906298524340757,4.450199203187251,0.026101829215358932,0.16156060539425735,0.5267028121861653,0.0686,0.4732971878138351,5,"mul(add(ARG41, ARG43), ARG50)"
36,10.113822142443041,5.357043608958255,6.996424058341983,9.679439176256116,14.037796995562381,3279.627856219443,221.2762725252933,35.29632845016856,5.1050902039403345,6.744470653324062,9.427485771238194,13.78584359054446,3279.375902814425,221.27627252529334,35.044375045150645,0.2519534050179212,0.2519534050179212,0.2519534050179212,0.2519534050179212,0.2519534050179212,5.551115123125783e-17,0.25195340501792124,1.0,3.0,5.0,5.0,11.0,1.5186520338774119,4.264,0.02563438061769616,0.16010740338190535,0.5351789272084462,0.06840000000000004,0.464821072791554,5,"mul(ARG50, add(ARG38, ARG43))"
37,10.197005510323152,5.309740916273778,6.940915477327801,8.68919095036048,10.83841350200029,81427.49318830066,5128.744205603361,341.96104829296587,5.05759037863937,6.688764939693392,8.437040412726072,10.586370491247601,81427.24103776303,5128.74420428262,341.7089331692315,0.24770609318996417,0.2521505376344086,0.2521505376344086,0.2521505376344086,0.2521505376344086,0.00035892925827688205,0.25211512373445283,1.0,3.0,3.0,5.0,17.0,2.024594417613673,4.346613545816733,0.026287835492487477,0.16213523828115675,0.5233300122511761,0.07200000000000001,0.4766699877488248,5,"mul(add(ARG46, ARG38), ARG50)"
38,10.20293563244627,5.3077875112558575,6.901245060115864,8.906312271500338,14.226217777666168,245073.1320786235,16445.54748392113,1377.0397123220027,5.05759037863937,6.651047927499376,8.656115138883852,13.976020645049683,245072.88188149087,16445.547479444147,1376.7895108883108,0.25019713261648746,0.25019713261648746,0.25019713261648746,0.25019713261648746,0.25094982078853045,4.978854581845203e-05,0.25020143369175635,1.0,3.0,5.0,5.0,17.0,2.123257874117037,4.576,0.026287835492487477,0.16213523828115675,0.5233300122511761,0.07200000000000001,0.4766699877488248,5,"mul(add(ARG46, ARG38), ARG50)"
39,10.255892909439808,5.310027654625033,7.022667544870017,9.037412754304352,13.526626564038295,3542.878789341045,242.36624751313252,37.78815039385343,5.05759037863937,6.770230268884354,8.784975478318689,13.274189288052632,3542.626352065059,242.36624569367865,37.5357317558606,0.24827956989247313,0.25243727598566307,0.25243727598566307,0.25243727598566307,0.25362007168458783,0.0003045405629114896,0.2524186379928316,1.0,3.0,5.0,5.0,19.0,1.9809654212025005,4.424,0.026287835492487477,0.16213523828115675,0.5233300122511761,0.07200000000000001,0.4766699877488248,5,"mul(add(ARG46, ARG38), ARG50)"
40,10.215827585883062,5.305188944947614,6.992069219632306,8.993200987838692,13.146448329131637,1809.8278264258872,133.2710619922868,27.68655061021061,5.05759037863937,6.744470653324062,8.74560242153045,12.898849762823392,1809.580227859579,133.27105481606193,27.438932908972554,0.24759856630824373,0.24759856630824373,0.24759856630824373,0.24759856630824373,0.25240143369175627,0.00030254980541101733,0.2476177012380586,1.0,3.0,5.0,5.0,19.0,1.9664331303663194,4.47410358565737,0.026287835492487477,0.16213523828115675,0.5233300122511761,0.07200000000000001,0.4766699877488248,5,"mul(add(ARG46, ARG38), ARG50)"
41,10.192598048660784,5.305869948531843,6.992750223216535,9.572116842534165,14.488405289120397,39927.08340371068,2524.420979727185,189.6770854709678,5.05759037863937,6.744470653324062,9.323837272641692,14.240125719227924,39926.835124140795,2524.4209813388147,189.42877364301083,0.24827956989247313,0.24827956989247313,0.24827956989247313,0.24827956989247313,0.2517562724014337,0.000314093856157632,0.24831182795698922,1.0,3.0,5.0,5.0,17.0,1.7292588007582903,4.392,0.026287835492487477,0.16213523828115675,0.5233300122511761,0.07200000000000001,0.4766699877488248,5,"mul(ARG50, add(ARG38, ARG46))"
42,10.263276816540952,5.307052744230767,6.99393301891546,9.676948136829592,13.682346880673737,41293.7069552703,2602.772369573053,191.18725539479615,5.05759037863937,6.744470653324062,9.427485771238194,13.432884515082339,41293.45749290471,2602.7723696402645,190.93778888806324,0.24845878136200716,0.24946236559139784,0.24946236559139784,0.24946236559139784,0.25150537634408604,0.0001436126073539549,0.24946650673292495,1.0,3.0,5.0,5.0,11.0,1.4282743502428357,4.274900398406374,0.026287835492487477,0.16213523828115675,0.5233300122511761,0.07200000000000001,0.4766699877488248,5,"mul(ARG50, add(ARG38, ARG46))"
43,10.188613232004741,5.308844858926109,7.356790829175723,9.57509175292843,13.26760953432432,2518.8136635556166,161.18903915284557,25.828389708674056,5.05759037863937,7.105536348888984,9.323837272641692,13.016355054037582,2518.56240907533,161.18903915353965,25.577135658494843,0.2511469534050179,0.25125448028673836,0.25125448028673836,0.25125448028673836,0.25125448028673836,6.786982295940405e-06,0.25125405017921143,1.0,3.0,5.0,5.0,13.0,1.6545887706617617,4.344,0.026287835492487477,0.16213523828115675,0.5233300122511761,0.07200000000000001,0.4766699877488248,5,"mul(ARG50, add(ARG38, ARG46))"
44,10.39077671906216,5.310744500503169,7.396090752428332,9.693552643776203,14.44477733539171,8075.767842198079,508.19531314435267,48.309513222650395,5.05759037863937,7.142936630564533,9.440398521912403,14.191623213527912,8075.514688076215,508.195315961375,48.05642621583893,0.24698924731182798,0.25315412186379926,0.25315412186379926,0.25315412186379926,0.25336917562724015,0.0005584370716676896,0.25308700681146384,1.0,3.0,5.0,5.0,15.0,1.8687255136791676,4.52988047808765,0.026287835492487477,0.16213523828115675,0.5233300122511761,0.07200000000000001,0.4766699877488248,5,"mul(ARG50, add(ARG38, ARG46))"
45,10.19239512213585,5.3108161850909825,6.965327339656848,10.156069456264122,14.118539227002726,18401.270081409573,1178.9592261396397,100.40530090795123,5.05759037863937,6.712101533205235,9.902843649812509,13.865313420551113,18401.01685560312,1178.9592253435274,100.15209632013764,0.2473835125448029,0.2532258064516129,0.2532258064516129,0.2532258064516129,0.2537634408602151,0.0003704531884127587,0.2532045878136201,1.0,3.0,5.0,5.0,11.0,1.6104657711357917,4.32,0.026287835492487477,0.16213523828115675,0.5233300122511761,0.07200000000000001,0.4766699877488248,5,"mul(add(ARG38, ARG46), ARG50)"
46,10.205361643243805,5.304131597277363,6.991011871962055,9.727713127536294,14.571824832065463,1625.3581186324222,138.36300531937687,29.803353907024526,5.05759037863937,6.744470653324062,9.4811719088983,14.32528361342747,1625.1117566252537,138.36297427671565,29.556807240357863,0.24557347670250895,0.24654121863799283,0.24654121863799283,0.24654121863799283,0.24808243727598567,0.0001318338623572801,0.2465466666666666,1.0,3.0,5.0,5.0,11.0,1.7421090666201127,4.416,0.026287835492487477,0.16213523828115675,0.5233300122511761,0.07200000000000001,0.4766699877488248,5,"mul(add(ARG38, ARG46), ARG50)"
47,10.280125979518743,5.310332314123241,6.997212588807933,9.471852137617137,13.269096989521453,41110.55321074412,2588.8835597675557,177.95500277391662,5.05759037863937,6.744470653324062,9.219110202133267,13.016355054037582,41110.30046880864,2588.8835582370493,177.70228896963548,0.2477956989247312,0.25274193548387097,0.25274193548387097,0.25274193548387097,0.25306451612903225,0.0003333286691048957,0.25271380428108364,1.0,3.0,5.0,5.0,11.0,1.5010141912995025,4.386454183266932,0.026287835492487477,0.16213523828115675,0.5233300122511761,0.07200000000000001,0.4766699877488248,5,"mul(add(ARG38, ARG46), ARG50)"
48,10.215026979551112,5.308038407313205,6.9949186819978975,9.879486318690226,13.777263269507536,1120.773844838734,74.75377666865316,20.215339699208766,5.05759037863937,6.744470653324062,9.629038290016393,13.5268152408337,1120.5233968100601,74.75377668648608,19.96489797877866,0.2489068100358423,0.2504480286738351,0.2504480286738351,0.2504480286738351,0.2504480286738351,9.729729853181174e-05,0.25044172043010754,1.0,3.0,5.0,5.0,11.0,1.4756693396557374,4.32,0.026287835492487477,0.16213523828115675,0.5233300122511761,0.07200000000000001,0.4766699877488248,5,"mul(add(ARG38, ARG46), ARG50)"
49,10.220016182892323,5.308826937779155,6.995707212463847,9.495974148867024,12.979414584055757,1854696.3169342268,117065.36830389667,7436.087266837271,5.05759037863937,6.744470653324062,9.24473758972724,12.72817802491597,1854696.0656976677,117065.36830318104,7435.836041604296,0.24840501792114694,0.25123655913978493,0.25123655913978493,0.25123655913978493,0.25123655913978493,0.00017872386712640848,0.25122523297491034,1.0,3.0,5.0,5.0,11.0,1.5924823389915506,4.4,0.026287835492487477,0.16213523828115675,0.5233300122511761,0.07200000000000001,0.4766699877488248,5,"mul(add(ARG38, ARG46), ARG50)"
50,10.34591771884402,5.308002565019298,6.924815795335476,8.996014607910379,13.031756657989133,241.56515489269714,32.08094633390402,16.5261988538758,5.05759037863937,6.674403608955547,8.74560242153045,12.781344471609204,241.31474270631722,32.08095504822812,16.275804301904476,0.24786738351254478,0.25041218637992835,0.25041218637992835,0.25041218637992835,0.250663082437276,0.00020495379602211562,0.25039455197132615,1.0,3.0,5.0,5.0,11.0,1.681066328257157,4.504,0.026287835492487477,0.16213523828115675,0.5233300122511761,0.07200000000000001,0.4766699877488248,5,"mul(ARG50, add(ARG46, ARG38))"
