generation_num,generation_time,training_fitness_min,training_fitness_lq,training_fitness_med,training_fitness_uq,training_fitness_max,training_fitness_std,training_fitness_mean,size_min,size_lq,size_med,size_uq,size_max,size_std,size_mean,test_mse,test_rmse,test_r2,test_mae,best_candidate_size,best_candidate_solution
1,19.934950769646093,0.08139686167208976,0.1549573543546483,0.5684755820079431,4.22142741541829,69876708.82607043,6952627.260901439,698941.9432086821,3.0,3.0,3.0,7.0,7.0,1.8627936010197155,4.3,0.052198281318864774,0.22846943191347235,0.05350312604156726,0.08369999999999998,3,"multiply(ARG30, ARG66)"
2,20.129977501608664,0.06602056407687837,0.11600236273559805,0.17027284516899854,0.38460003035675266,131.08347555439155,17.40784979603356,3.1770935180864326,1.0,3.0,3.0,5.0,9.0,1.5483578457286822,3.8316831683168315,0.04317165163606009,0.2077778901521047,0.21718048401747625,0.0882,3,"multiply(ARG39, ARG32)"
3,20.169830244616605,0.06611761362640842,0.0965306277860514,0.13261723008933082,0.20024841999395898,1.321175317420007,0.19373697222779984,0.19622824403963274,1.0,3.0,3.0,5.0,11.0,1.594028657227573,3.792079207920792,0.04317165163606009,0.2077778901521047,0.21718048401747625,0.0882,3,"multiply(ARG39, ARG32)"
4,19.929248331842246,0.05413700778440245,0.08633680760897877,0.10548113944766153,0.14275583649955664,1.3006727714130473,0.1550573690172223,0.14799367878768138,3.0,3.0,3.0,3.0,7.0,1.134195750300626,3.56,0.03869662696160267,0.19671458248336007,0.29832485808961706,0.068,3,"multiply(ARG32, ARG38)"
5,19.919927367620403,0.05342671921443074,0.07860774340468334,0.09320087817116383,0.11999519879773636,0.7882486053478388,0.08757326375274169,0.11594824899593364,3.0,3.0,3.0,3.0,9.0,1.2039933554633928,3.48,0.0360817696327212,0.18995201929098096,0.3457393365954283,0.0804,3,"multiply(ARG38, ARG39)"
6,19.949319000385003,0.05214486790688688,0.06992107763911463,0.08598825862615403,0.10116599922752405,0.8969468365504054,0.08355546654962007,0.09590968760124467,3.0,3.0,3.0,3.0,11.0,1.3151425778218877,3.52,0.03930326881469116,0.1982505203390174,0.2873247905959564,0.08079999999999998,3,"multiply(ARG30, ARG38)"
7,20.11724463760038,0.05206715647654904,0.0657914718151213,0.07664726134956985,0.08871267360420393,1.865767350635847,0.2122591677981731,0.11277972305765502,3.0,3.0,3.0,3.0,7.0,0.9500824186847647,3.3564356435643563,0.03930326881469116,0.1982505203390174,0.2873247905959564,0.08079999999999998,3,"multiply(ARG30, ARG38)"
8,19.87565776836709,0.050972138859677725,0.05423672621742669,0.06756028312774968,0.07757740278572382,0.15676789140941189,0.018835696095386725,0.07052386230362631,1.0,3.0,3.0,3.0,5.0,0.6384355879804947,3.18,0.0374033309573933,0.1933994078517132,0.3217758337569845,0.09034165,5,"multiply(add(ARG107, ARG30), ARG38)"
9,20.084757590899244,0.05098553719478231,0.0541530663372531,0.061143859559166555,0.07345268090262307,0.3186898189835878,0.03438436512253512,0.06934205051955895,3.0,3.0,3.0,3.0,9.0,0.8913091037565861,3.277227722772277,0.0374033309573933,0.1933994078517132,0.3217758337569845,0.09034165,5,"multiply(add(ARG107, ARG30), ARG38)"
10,19.890435836889083,0.05092877697515745,0.05337234095174121,0.058552773620964824,0.06765671646124582,783.9698513046327,77.99733271511455,7.906260336983063,3.0,3.0,3.0,3.0,7.0,0.7426977851050858,3.22,0.0374033309573933,0.1933994078517132,0.3217758337569845,0.09034165,5,"multiply(add(ARG107, ARG30), ARG38)"
11,20.064951324631693,0.050950945129603215,0.05219019957458396,0.054299665384244584,0.06188684827761975,76.43900347506035,7.561366780680847,0.8352386375377604,3.0,3.0,3.0,3.0,7.0,0.48098842778182654,3.0792079207920793,0.0374033309573933,0.1933994078517132,0.3217758337569845,0.09034165,5,"multiply(add(ARG107, ARG30), ARG38)"
12,20.13470685921493,0.050952893978345695,0.05332572690063724,0.05673252477440949,0.06183954434486246,0.4936014811885771,0.04702632021577659,0.0659834147299368,3.0,3.0,3.0,3.0,9.0,0.8207675950915924,3.198019801980198,0.0374033309573933,0.1933994078517132,0.3217758337569845,0.09034165,5,"multiply(add(ARG107, ARG30), ARG38)"
13,20.396141832345165,0.05095216316006726,0.052145116981984124,0.054219890637825195,0.0611686919849761,5.330045938980515,0.5290719560472265,0.12363126506278878,1.0,3.0,3.0,3.0,9.0,1.0429460659218768,3.3168316831683167,0.0374033309573933,0.1933994078517132,0.3217758337569845,0.09034165,5,"multiply(ARG38, add(ARG107, ARG30))"
14,20.1153636527888,0.05091026291210385,0.05208708248432798,0.05418414740728664,0.06118505217139179,0.5005729618900021,0.0515404581206996,0.06768551182649264,3.0,3.0,3.0,3.0,9.0,0.9074407316744236,3.3564356435643563,0.0374033309573933,0.1933994078517132,0.3217758337569845,0.09034165,5,"multiply(ARG38, add(ARG107, ARG30))"
15,20.113597365649184,0.05092682812641497,0.05214885310844267,0.0610456984406724,0.06127152744244617,44.55935691327571,4.434171512688186,0.5982073603094908,1.0,3.0,3.0,3.0,9.0,1.0755228209109124,3.4356435643564356,0.0374033309573933,0.1933994078517132,0.3217758337569845,0.09034165,5,"multiply(ARG38, add(ARG107, ARG30))"
16,20.162202422885457,0.05092244321674438,0.05215308738509569,0.06110325123931332,0.07414680956601633,35.194102113542606,3.8301009610099164,0.5818293065745739,3.0,3.0,3.0,3.0,11.0,1.416637593862964,3.5742574257425743,0.0374033309573933,0.1933994078517132,0.3217758337569845,0.09034165,5,"multiply(ARG38, add(ARG107, ARG30))"
17,19.898616939695785,0.04387613955833044,0.05210395732216576,0.054172621510482535,0.06181818366272675,18.36525342483079,1.8209830569177754,0.25095372049154,1.0,3.0,3.0,3.0,5.0,0.8009993757800316,3.28,0.025815191986644406,0.16067106767132783,0.5319003250943222,0.07,1,ARG50
18,19.887283216434298,0.0438239330157629,0.05208976004162327,0.05336589429816875,0.06112859492094835,0.21977082621017618,0.027276248384960573,0.06523440165774474,1.0,3.0,3.0,3.0,9.0,1.0307278981380101,3.24,0.025815191986644406,0.16067106767132783,0.5319003250943222,0.07,1,ARG50
19,19.892127556347987,0.04380883714803253,0.05203060470602956,0.05337303516884102,0.06186302454237959,0.49789320916928426,0.04866461734942548,0.06793111202210485,1.0,3.0,3.0,3.0,9.0,1.1542963224406462,3.26,0.025815191986644406,0.16067106767132783,0.5319003250943222,0.07,1,ARG50
20,19.847699429490604,0.0438293843013322,0.051189442308908914,0.05212568912439966,0.06114597761901502,7.7950351655548165,0.7728470867348073,0.14762177689164216,1.0,3.0,3.0,3.0,5.0,1.2165525060596438,3.2,0.025815191986644406,0.16067106767132783,0.5319003250943222,0.07,1,ARG50
21,20.076583887974266,0.0438130304446243,0.0509482654625823,0.05211746964619085,0.061143859559166555,1.2303873886413481,0.12888562231570252,0.08133592536210484,1.0,3.0,3.0,3.0,7.0,1.5135243005165437,3.0792079207920793,0.025815191986644406,0.16067106767132783,0.5319003250943222,0.07,1,ARG50
22,19.833497410756536,0.04380170854382651,0.04391262123867884,0.05207749309308436,0.07404050469082557,562.1178760701216,55.92342026442811,5.686992548614566,1.0,1.0,3.0,5.0,9.0,1.7291616465790582,2.9,0.025815191986644406,0.16067106767132783,0.5319003250943222,0.07,1,ARG50
23,19.995318456785753,0.04382372335093331,0.043895219057822996,0.05171561015875825,0.06016764305582801,0.5074397288210593,0.05154329923040329,0.06318791590929561,1.0,1.0,3.0,3.0,7.0,1.617471513398981,2.722772277227723,0.025815191986644406,0.16067106767132783,0.5319003250943222,0.07,1,ARG50
24,19.94063015410211,0.04375159864955486,0.043868801289294844,0.0509114809425679,0.05216653744034648,0.46270973931053005,0.04873596089536958,0.06096265240956234,1.0,1.0,1.0,3.0,11.0,1.7996939037626558,2.4653465346534653,0.025815191986644406,0.16067106767132783,0.5319003250943222,0.07,1,ARG50
25,19.711118700710358,0.04377424245115042,0.0438531812594905,0.043906226461376395,0.05135772461157922,198.39168461298533,19.732064936301036,2.0815530990530564,1.0,1.0,1.0,3.0,11.0,1.8369540005128056,2.16,0.025815191986644406,0.16067106767132783,0.5319003250943222,0.07,1,ARG50
26,19.66579860742786,0.0437801130663789,0.04386434591166609,0.04390182349995503,0.05103497648667012,0.29350718128801084,0.031001745626258688,0.05314706583686452,1.0,1.0,1.0,3.0,7.0,1.5588457268119897,1.9,0.025815191986644406,0.16067106767132783,0.5319003250943222,0.07,1,ARG50
27,19.84242390608415,0.0437599852427384,0.04384804447116558,0.04388997743708328,0.04575934712169635,64481.22870937234,6384.136325666963,639.9971244226531,1.0,1.0,1.0,1.0,11.0,1.8529406044023107,1.8514851485148516,0.025815191986644406,0.16067106767132783,0.5319003250943222,0.07,1,ARG50
28,19.682585735077737,0.04374237339705297,0.04384731064426202,0.04387792170938194,0.04397206121786719,1631.4090719043807,162.81513744209033,18.0354945159489,1.0,1.0,1.0,1.0,7.0,1.8829763673503714,1.88,0.025815191986644406,0.16067106767132783,0.5319003250943222,0.07,1,ARG50
29,19.607827902276767,0.0437599852427384,0.04385160877326859,0.04388389715702522,0.04392897509538675,20.288953432679868,2.0219889039317556,0.279445321497086,1.0,1.0,1.0,1.0,11.0,1.6660132052297787,1.62,0.025815191986644406,0.16067106767132783,0.5319003250943222,0.07,1,ARG50
30,19.811383814550936,0.04377654876427589,0.04383588391104944,0.04387781687696715,0.04394092599067329,396.9258394978202,39.29991491059088,4.172013936952956,1.0,1.0,1.0,1.0,7.0,1.455411867327759,1.613861386138614,0.025815191986644406,0.16067106767132783,0.5319003250943222,0.07,1,ARG50
31,19.80834048416,0.04380296653280405,0.04385789871815624,0.04388326816253645,0.043918491853907324,1786.016648857595,200.57492065907883,28.970883463429082,1.0,1.0,1.0,1.0,7.0,1.3245141788665855,1.4752475247524752,0.025815191986644406,0.16067106767132783,0.5319003250943222,0.07,1,ARG50
32,19.759689035563497,0.0437727747973433,0.04384972178980229,0.04388012319009262,0.0439042346454953,0.1315900569083134,0.01183019558555921,0.04656020994612917,1.0,1.0,1.0,1.0,7.0,1.1156091897824376,1.3762376237623761,0.025815191986644406,0.16067106767132783,0.5319003250943222,0.07,1,ARG50
33,19.68709907401353,0.04377885507740137,0.043856064150897336,0.043878445871455916,0.04392320931257307,5.44044757306644,0.5368671461562858,0.10120771759087488,1.0,1.0,1.0,1.0,7.0,1.3139254164525471,1.44,0.025815191986644406,0.16067106767132783,0.5319003250943222,0.07,1,ARG50
34,19.603710170689737,0.0437929026209838,0.04385375783777187,0.0438823246708033,0.04391298815213062,0.19970516350714917,0.01628484760031337,0.046633902116618275,1.0,1.0,1.0,1.0,7.0,1.0603772913449252,1.34,0.025815191986644406,0.16067106767132783,0.5319003250943222,0.07,1,ARG50
35,19.7964244496834,0.04376585585796688,0.043845738158040104,0.04387718788247838,0.04390905693657584,1.2231366483986552,0.12072489848162063,0.06214394241716511,1.0,1.0,1.0,1.0,7.0,1.3081302625674254,1.4356435643564356,0.025815191986644406,0.16067106767132783,0.5319003250943222,0.07,1,ARG50
36,19.80860147115891,0.043793531615472565,0.04384846380082476,0.043879703860433446,0.043905282969643245,311.4619757233594,31.18789272666061,3.659836188269042,1.0,1.0,1.0,1.0,7.0,1.6614793634378637,1.7524752475247525,0.025815191986644406,0.16067106767132783,0.5319003250943222,0.07,1,ARG50
37,19.811229840735905,0.04376438820415976,0.04384720581184723,0.04387383324520497,0.04390905693657584,13.977272966300092,1.42876485217945,0.22774871434979804,1.0,1.0,1.0,1.0,7.0,1.332189163687458,1.495049504950495,0.025815191986644406,0.16067106767132783,0.5319003250943222,0.07,1,ARG50
38,19.784388879139442,0.04378870932439203,0.043855592405030765,0.043884316486684394,0.04392037883737362,13.602411684536623,1.3446032751919144,0.1941760321694901,1.0,1.0,1.0,1.0,7.0,1.3462434163788937,1.4554455445544554,0.025815191986644406,0.16067106767132783,0.5319003250943222,0.07,1,ARG50
39,19.784727849211777,0.04376417853933017,0.04385915670713377,0.04388221983838851,0.04392100783186238,1.0435360074413225,0.11123606026267868,0.06619562871439538,1.0,1.0,1.0,1.0,7.0,1.1264524873923083,1.396039603960396,0.025815191986644406,0.16067106767132783,0.5319003250943222,0.07,1,ARG50
40,19.59444954371429,0.04378116139052684,0.04386130577163705,0.043879913525263034,0.043913040568338016,1.8226908305998983,0.2166432431675717,0.07888733088182569,1.0,1.0,1.0,1.0,7.0,1.2515590277729611,1.44,0.025815191986644406,0.16067106767132783,0.5319003250943222,0.07,1,ARG50
41,19.60830462333979,0.04379269295615421,0.04384814930358037,0.04388347782736604,0.04391041975796817,170.27618336128057,16.93688292098633,1.7571833953404699,1.0,1.0,1.0,1.0,7.0,1.3302631318652713,1.48,0.025815191986644406,0.16067106767132783,0.5319003250943222,0.07,1,ARG50
42,19.796559923823224,0.04378849965956244,0.043848883130483934,0.04387613955833044,0.04392645911743168,2224.591825536658,220.24971450339186,22.09504583762829,1.0,1.0,1.0,1.0,7.0,1.4105349559214355,1.5544554455445545,0.025815191986644406,0.16067106767132783,0.5319003250943222,0.07,1,ARG50
43,19.63327114612912,0.0437929026209838,0.0438458954066623,0.04387666372040441,0.043913984060071166,108.69858812902345,10.818043497639561,1.2043938866331751,1.0,1.0,1.0,1.0,7.0,1.4316424134538623,1.52,0.025815191986644406,0.16067106767132783,0.5319003250943222,0.07,1,ARG50
44,19.639044451731024,0.04378535468711861,0.043848883130483934,0.04388022802250742,0.04391041975796817,3.291362929719274,0.3232801289948829,0.080887734573866,1.0,1.0,1.0,1.0,7.0,1.3139254164525473,1.44,0.025815191986644406,0.16067106767132783,0.5319003250943222,0.07,1,ARG50
45,19.996430426486768,0.04376417853933017,0.04385286676224612,0.04388075218458139,0.04390821827725748,0.33395835892882997,0.028734091056916218,0.04744267089307211,1.0,1.0,1.0,1.0,7.0,1.227403343945484,1.396039603960396,0.025815191986644406,0.16067106767132783,0.5319003250943222,0.07,1,ARG50
46,19.607904462260194,0.04379541859893886,0.043857217307460075,0.04388117151424056,0.04392106024806978,131.32480320675313,13.060961029736037,1.3719576728373253,1.0,1.0,1.0,1.0,7.0,1.1999999999999997,1.4,0.025815191986644406,0.16067106767132783,0.5319003250943222,0.07,1,ARG50
47,19.626283126766793,0.043773613456661656,0.04385113702740201,0.04388798562120219,0.043926354285016886,0.8054644287350892,0.08452279464118614,0.06236085263348214,1.0,1.0,1.0,1.0,7.0,1.3151425778218877,1.52,0.025815191986644406,0.16067106767132783,0.5319003250943222,0.07,1,ARG50
48,19.82671317187487,0.04379206396166545,0.04384825413599517,0.04388075218458139,0.04391974984288485,6.006752489055968,0.6059939695373039,0.1306240794959585,1.0,1.0,1.0,1.0,7.0,1.4656141045515507,1.5544554455445545,0.025815191986644406,0.16067106767132783,0.5319003250943222,0.07,1,ARG50
49,19.82207090477459,0.04377424245115042,0.04384468983389216,0.04388075218458139,0.04391933051322568,0.2726769765522032,0.0276573870691344,0.05019432716911957,1.0,1.0,1.0,1.0,7.0,1.368773834359244,1.5148514851485149,0.025815191986644406,0.16067106767132783,0.5319003250943222,0.07,1,ARG50
50,19.624354612169554,0.043783467703652316,0.04385349575673488,0.04387456707210853,0.04390931901761282,2.2970397094187214,0.23095745027025766,0.07615923294856959,1.0,1.0,1.0,1.0,7.0,1.4247806848775006,1.5,0.025815191986644406,0.16067106767132783,0.5319003250943222,0.07,1,ARG50
51,19.82765949878376,0.043786822340925735,0.04385475374571241,0.04388033285492221,0.043943651633457946,0.8520726415292824,0.10441605119258265,0.06396649756524891,1.0,1.0,1.0,1.0,11.0,1.7823982262440536,1.6534653465346534,0.025815191986644406,0.16067106767132783,0.5319003250943222,0.07,1,ARG50
52,19.599283068440855,0.043769420160069884,0.04385643106434912,0.04388735662671343,0.04392331414498786,128.53643379681355,12.784514734778252,1.3322325165060878,1.0,1.0,1.0,1.0,7.0,1.3139254164525473,1.44,0.025815191986644406,0.16067106767132783,0.5319003250943222,0.07,1,ARG50
53,19.620006916025886,0.04376816217109235,0.0438566931453861,0.04388484064875836,0.04391712903251499,0.1682974122308269,0.0169137164210931,0.046989536958802834,1.0,1.0,1.0,1.0,7.0,1.120535586226515,1.38,0.025815191986644406,0.16067106767132783,0.5319003250943222,0.07,1,ARG50
54,19.789670948608546,0.04375138898472527,0.0438348355869015,0.04387886520111509,0.0439061216289616,1.6431817190886273,0.15829311383725767,0.060402979538939916,1.0,1.0,1.0,1.0,7.0,1.184482885444608,1.3762376237623761,0.025815191986644406,0.16067106767132783,0.5319003250943222,0.07,1,ARG50
55,19.7794400875282,0.043785983681607375,0.043851556357061186,0.04387446223969373,0.04391366956282679,5253.232706533887,522.6855214814565,52.577433140532285,1.0,1.0,1.0,1.0,7.0,1.3521834195108295,1.46,0.025815191986644406,0.16067106767132783,0.5319003250943222,0.07,1,ARG50
56,19.589429884275887,0.04379499926927968,0.043846786482188045,0.04387404291003456,0.04391041975796817,80.0009573654001,7.967143548747479,0.899073000819085,1.0,1.0,1.0,1.0,7.0,1.4176036117335482,1.48,0.025815191986644406,0.16067106767132783,0.5319003250943222,0.07,1,ARG50
57,19.601189098902978,0.04378745133541449,0.043857741469534056,0.04388358265978083,0.043917338697344585,2777.854499819364,277.0029958788939,29.98562073815845,1.0,1.0,1.0,1.0,7.0,1.519341962824696,1.54,0.025815191986644406,0.16067106767132783,0.5319003250943222,0.07,1,ARG50
58,19.594561110658105,0.04378116139052684,0.04385443924846803,0.043881905341144126,0.04391183499556789,0.13965514660294723,0.011595776448680185,0.04626305831876374,1.0,1.0,1.0,1.0,7.0,1.1205355862265152,1.38,0.025815191986644406,0.16067106767132783,0.5319003250943222,0.07,1,ARG50
59,19.591119326854823,0.04378304837399314,0.04385480616191981,0.04388693729705425,0.043923628642232246,194.24886539164947,20.208664058187246,2.650834705300203,1.0,1.0,1.0,1.0,7.0,1.3302631318652713,1.48,0.025815191986644406,0.16067106767132783,0.5319003250943222,0.07,1,ARG50
60,19.607143416185863,0.04377864541257178,0.043849512124972706,0.043880018357677825,0.04392189890738813,41.57734296007195,4.132247953267097,0.4647268726755954,1.0,1.0,1.0,1.0,7.0,1.3222707740852477,1.46,0.025815191986644406,0.16067106767132783,0.5319003250943222,0.07,1,ARG50
61,19.65174970863154,0.04376962982489947,0.0438440608394034,0.04388379232461043,0.043912149492812275,1.5446054129509772,0.1796065154566714,0.07950740059089664,1.0,1.0,1.0,1.0,7.0,1.6505756571572232,1.66,0.025815191986644406,0.16067106767132783,0.5319003250943222,0.07,1,ARG50
62,19.599119987135055,0.04374342172120091,0.04384935487635051,0.043879913525263034,0.04391021009313857,1.1016049112469715,0.13503553254933645,0.06799390756529665,1.0,1.0,1.0,1.0,7.0,1.2281693694275233,1.46,0.025815191986644406,0.16067106767132783,0.5319003250943222,0.07,1,ARG50
63,19.62298023243784,0.04379751524723474,0.04385784630194885,0.043883268162536446,0.0439225803180843,224.81730424134557,22.362089557701417,2.326027817445629,1.0,1.0,1.0,1.0,7.0,1.5289211882893117,1.68,0.025815191986644406,0.16067106767132783,0.5319003250943222,0.07,1,ARG50
64,19.828952195559395,0.04374447004534885,0.04385286676224612,0.04388368749219563,0.04392708811192045,0.765073930346414,0.0859938267063249,0.06013793352489462,1.0,1.0,1.0,1.0,7.0,1.3821725438903085,1.5544554455445545,0.025815191986644406,0.16067106767132783,0.5319003250943222,0.07,1,ARG50
65,19.776505762623856,0.04376333988001182,0.04384825413599517,0.04388389715702522,0.043919540178055265,961.6400724727953,95.2074819483338,9.565253214276803,1.0,1.0,1.0,1.0,7.0,1.042946065921877,1.316831683168317,0.025815191986644406,0.16067106767132783,0.5319003250943222,0.07,1,ARG50
66,19.610837933345465,0.04376795250626277,0.043847729973921196,0.04387383324520497,0.0439152944652561,5.565191434408449,0.5548958087042192,0.11426356469285626,1.0,1.0,1.0,1.0,7.0,1.4247806848775006,1.5,0.025815191986644406,0.16067106767132783,0.5319003250943222,0.07,1,ARG50
67,19.618754633818753,0.043793531615472565,0.043856588312971304,0.04388525997841754,0.043911625330738294,42.064870131778974,4.180208710561249,0.4801285183375378,1.0,1.0,1.0,1.0,7.0,1.1061645447219866,1.42,0.025815191986644406,0.16067106767132783,0.5319003250943222,0.07,1,ARG50
68,19.601822355238255,0.04378766100024409,0.0438550682429568,0.04388117151424056,0.043911887411775284,1.4655997829442262,0.1666862246009199,0.0740105843862621,1.0,1.0,1.0,1.0,7.0,1.2191800523302536,1.44,0.025815191986644406,0.16067106767132783,0.5319003250943222,0.07,1,ARG50
69,19.804953914601356,0.043788080329903264,0.0438495121249727,0.04387802654179673,0.0439170242001002,0.6014255708359331,0.07192440688512673,0.05832124686574455,1.0,1.0,1.0,1.0,7.0,1.3540848314676244,1.4752475247524752,0.025815191986644406,0.16067106767132783,0.5319003250943222,0.07,1,ARG50
70,19.620106244750787,0.04382078804331907,0.04386224926337019,0.04388169567631454,0.043900565510977506,0.5996825136547561,0.06518062151853736,0.055283413626823236,1.0,1.0,1.0,1.0,7.0,1.2603174203350522,1.46,0.025815191986644406,0.16067106767132783,0.5319003250943222,0.07,1,ARG50
71,19.821378734253813,0.04377717775876466,0.04386754330031731,0.043894170733675054,0.043924991463624566,1.5991262227115852,0.16954910203705542,0.07076284844097278,1.0,1.0,1.0,1.0,7.0,1.4185738367185992,1.495049504950495,0.025815191986644406,0.16067106767132783,0.5319003250943222,0.07,1,ARG50
72,19.604590468137758,0.043798353906553095,0.04386057194473349,0.0438860986377359,0.04392708811192045,12.041842220676163,1.196115689080658,0.19071317973412744,1.0,1.0,1.0,1.0,7.0,1.3452137376640192,1.52,0.025815191986644406,0.16067106767132783,0.5319003250943222,0.07,1,ARG50
73,19.825271624256857,0.04378745133541449,0.04384783480633599,0.043875510563841674,0.043913040568338016,5.74571531533376,0.5663326151937729,0.11088202999749325,1.0,1.0,1.0,1.0,7.0,1.3245141788665855,1.4752475247524752,0.025815191986644406,0.16067106767132783,0.5319003250943222,0.07,1,ARG50
74,19.790430002409266,0.04377445211598001,0.0438495121249727,0.04387215592656826,0.04391366956282679,269.31208555492043,27.39384038722286,3.369055655437383,1.0,1.0,1.0,1.0,7.0,1.2045074317422217,1.4158415841584158,0.025815191986644406,0.16067106767132783,0.5319003250943222,0.07,1,ARG50
75,19.829669696337078,0.04375034066057733,0.04385517307537159,0.04389270307986794,0.04393966800169576,6.168638558708128,0.6215433629586464,0.1279779379407173,1.0,1.0,1.0,1.0,7.0,1.4166375938629643,1.5742574257425743,0.025815191986644406,0.16067106767132783,0.5319003250943222,0.07,1,ARG50
76,19.589065584004857,0.04379122530234709,0.0438440608394034,0.04387519606659729,0.04392132232910677,41.68585314002175,4.213942730795809,0.5464369580242368,1.0,1.0,1.0,1.0,7.0,1.4316424134538626,1.52,0.025815191986644406,0.16067106767132783,0.5319003250943222,0.07,1,ARG50
77,19.79550601451774,0.04378409669814108,0.04385139910843899,0.04388347782736604,0.043925201128454154,14.15833575432643,1.431032064316139,0.2408627451826925,1.0,1.0,1.0,1.0,7.0,1.6235208707144266,1.6732673267326732,0.025815191986644406,0.16067106767132783,0.5319003250943222,0.07,1,ARG50
78,19.600719208450755,0.04379017697819915,0.04385092736257242,0.043885679308076714,0.04391828218907773,10595.32831326507,1056.1829613230184,114.77197566852395,1.0,1.0,1.0,1.0,7.0,1.5761979571107176,1.66,0.025815191986644406,0.16067106767132783,0.5319003250943222,0.07,1,ARG50
79,19.676336277625524,0.04376879116558112,0.04384185935869272,0.04387184142932388,0.04391843943769992,0.71270593633946,0.07023863938696165,0.055341583532665994,1.0,1.0,1.0,1.0,7.0,1.46574213284602,1.54,0.025815191986644406,0.16067106767132783,0.5319003250943222,0.07,1,ARG50
80,19.816000182152493,0.04375013099574774,0.043841964191107516,0.04388368749219563,0.043923943139476625,2.2534714233321194,0.22227256013637284,0.07273784267844337,1.0,1.0,1.0,1.0,7.0,1.3321891636874579,1.495049504950495,0.025815191986644406,0.16067106767132783,0.5319003250943222,0.07,1,ARG50
81,19.81887303138501,0.0437398574190979,0.04385286676224612,0.043876768552819204,0.04391534688146349,2.9464551537330608,0.2960264941132412,0.08150735022596092,1.0,1.0,1.0,1.0,7.0,1.184482885444608,1.3762376237623761,0.025815191986644406,0.16067106767132783,0.5319003250943222,0.07,1,ARG50
82,19.65505744132679,0.043783467703652316,0.043850141119461464,0.043878760368700295,0.04391193982798268,2.489054239775333,0.24646423205452117,0.07565444509046002,1.0,1.0,1.0,1.0,7.0,1.4034243834279068,1.52,0.025815191986644406,0.16067106767132783,0.5319003250943222,0.07,1,ARG50
83,19.62458685360616,0.04378724167058491,0.04385795113436364,0.043886308302565485,0.04392918476021634,39.50808581966585,4.046002271149384,0.5868684056726942,1.0,1.0,1.0,1.0,7.0,1.61245154965971,1.6,0.025815191986644406,0.16067106767132783,0.5319003250943222,0.07,1,ARG50
84,19.814509681717027,0.04378451602780026,0.043852237767757346,0.043880961849410975,0.043918491853907324,6.51435944928898,0.7686903421023835,0.15447763226899078,1.0,1.0,1.0,1.0,7.0,1.3615931435779076,1.495049504950495,0.025815191986644406,0.16067106767132783,0.5319003250943222,0.07,1,ARG50
85,19.67857103215647,0.04376019490756799,0.04384904037910613,0.04387383324520497,0.04390696028827995,9.350550720414383,0.9291376863568251,0.15197724633720647,1.0,1.0,1.0,1.0,7.0,1.4316424134538626,1.52,0.025815191986644406,0.16067106767132783,0.5319003250943222,0.07,1,ARG50
86,19.63214523057104,0.043732938479721484,0.04385103219498722,0.04388819528603178,0.04392520112845415,2186.8587939921563,217.58394221465264,21.926031121720438,1.0,1.0,1.0,1.0,7.0,1.422532952166662,1.58,0.025815191986644406,0.16067106767132783,0.5319003250943222,0.07,1,ARG50
87,19.822080866113538,0.043798353906553095,0.043848673465654346,0.043884106821854806,0.04393232973266016,0.7500518899102382,0.08283394051702123,0.06305208764664658,1.0,1.0,1.0,1.0,7.0,1.678852942116962,1.7128712871287128,0.025815191986644406,0.16067106767132783,0.5319003250943222,0.07,1,ARG50
88,19.630249161447864,0.043801498878996925,0.04385800355057103,0.04388400198944001,0.04392934200883853,0.3984483153669662,0.036513795922704616,0.050150007509340434,1.0,1.0,1.0,1.0,7.0,1.2191800523302536,1.44,0.025815191986644406,0.16067106767132783,0.5319003250943222,0.07,1,ARG50
89,19.62686856871005,0.04376753317660359,0.04383687981898999,0.04387152693207949,0.04392771710640922,4.257079515669648,0.4217700338199465,0.09230170495778596,1.0,1.0,1.0,1.0,7.0,1.4934523762075578,1.64,0.025815191986644406,0.16067106767132783,0.5319003250943222,0.07,1,ARG50
90,19.815866131015355,0.043794789604450095,0.043850141119461464,0.04388012319009262,0.043929604089875514,1.180511769293805,0.11801339266938277,0.06201212470263298,1.0,1.0,1.0,1.0,7.0,1.246109522578398,1.4356435643564356,0.025815191986644406,0.16067106767132783,0.5319003250943222,0.07,1,ARG50
91,19.595645757828606,0.04380003122518981,0.04386429349545869,0.04388809045361698,0.04391424614110816,3858.758219267954,383.926703511128,38.750776104415074,1.0,1.0,1.0,1.0,7.0,1.3674794331177345,1.5,0.025815191986644406,0.16067106767132783,0.5319003250943222,0.07,1,ARG50
92,19.817110728792613,0.04379017697819915,0.04385622139951953,0.043889767772253695,0.04393484571061523,1216.1626973198613,120.40392552731589,12.125471159844414,1.0,1.0,1.0,1.0,7.0,1.4383382017690989,1.5544554455445545,0.025815191986644406,0.16067106767132783,0.5319003250943222,0.07,1,ARG50
93,19.596078649017727,0.04377759708842384,0.04385139910843899,0.043889767772253695,0.043935684369933586,56864.15714286201,5657.882285577535,568.9420764976841,1.0,1.0,1.0,1.0,7.0,1.3302631318652713,1.48,0.025815191986644406,0.16067106767132783,0.5319003250943222,0.07,1,ARG50
94,19.624835317750694,0.04378220971467478,0.04385506824295679,0.04388704212946904,0.04392619703639469,1.8290522030664402,0.20481078014666804,0.08334947124371837,1.0,1.0,1.0,1.0,7.0,1.46574213284602,1.54,0.025815191986644406,0.16067106767132783,0.5319003250943222,0.07,1,ARG50
95,19.865455368242692,0.043770678149047414,0.043852237767757346,0.04388221983838851,0.04391995950771444,4.247835915001679,0.42171237640269915,0.09995215138986659,1.0,1.0,1.0,1.0,7.0,1.6436836411443272,1.6534653465346534,0.025815191986644406,0.16067106767132783,0.5319003250943222,0.07,1,ARG50
96,19.607018472568598,0.04379751524723474,0.04385019353566886,0.04388473581634357,0.043920536085995804,2.7614286975540123,0.2787710848149969,0.07897888436218661,1.0,1.0,1.0,1.0,7.0,1.4034243834279068,1.52,0.025815191986644406,0.16067106767132783,0.5319003250943222,0.07,1,ARG50
97,19.80855650283047,0.043765017198648525,0.043843222180085045,0.04387781687696715,0.043910943920042134,39.569848150361096,3.9131263789580353,0.44158448158619973,1.0,1.0,1.0,1.0,7.0,1.227403343945484,1.396039603960396,0.025815191986644406,0.16067106767132783,0.5319003250943222,0.07,1,ARG50
98,19.78331817788421,0.04379457993962051,0.04385412475122365,0.04388012319009262,0.043913879227656376,1.3554778988383942,0.1434522677169133,0.0658384592870104,1.0,1.0,1.0,1.0,7.0,1.184482885444608,1.3762376237623761,0.025815191986644406,0.16067106767132783,0.5319003250943222,0.07,1,ARG50
99,19.776002288243035,0.0437746617808096,0.04384846380082476,0.04387823620662633,0.0439115729145309,0.23112184316337114,0.021365640194440847,0.047905514580537746,1.0,1.0,1.0,1.0,7.0,1.2369503118211023,1.4158415841584158,0.025815191986644406,0.16067106767132783,0.5319003250943222,0.07,1,ARG50
100,19.81435713096289,0.0437746617808096,0.04383651290553821,0.043877397547307975,0.04391765319458897,0.35889752049845214,0.04115100897685282,0.05196027292041761,1.0,1.0,1.0,1.0,7.0,1.4185738367185992,1.495049504950495,0.025815191986644406,0.16067106767132783,0.5319003250943222,0.07,1,ARG50
101,19.660215421026805,0.043764807533818936,0.04385706005883788,0.04389113059364602,0.043937728602022066,2.2053093226795837,0.21612017745775675,0.07189820687635134,1.0,1.0,1.0,1.0,7.0,1.4560219778561037,1.6,0.025815191986644406,0.16067106767132783,0.5319003250943222,0.07,1,ARG50
102,19.826730533037335,0.043807998488714174,0.04385957603679295,0.043885364810832335,0.04392163682635115,0.9340346121991892,0.08971579196499227,0.05620505303700287,1.0,1.0,1.0,1.0,11.0,1.6676042195189942,1.6534653465346534,0.025815191986644406,0.16067106767132783,0.5319003250943222,0.07,1,ARG50
103,19.860435708833393,0.0437727747973433,0.04386460799270307,0.04389312240952711,0.04393882934237741,33.97460473827959,3.359236034575598,0.38239335419051856,1.0,1.0,1.0,1.0,7.0,1.7137581404688162,1.7920792079207921,0.025815191986644406,0.16067106767132783,0.5319003250943222,0.07,1,ARG50
104,19.632965190830873,0.04377780675325343,0.04384694373081024,0.04387498640176771,0.04391178257936049,6.454923733448462,0.6477124452170697,0.12465367175117871,1.0,1.0,1.0,1.0,7.0,1.4101063789657857,1.54,0.025815191986644406,0.16067106767132783,0.5319003250943222,0.07,1,ARG50
105,19.981205805466743,0.04378661267609614,0.043848673465654346,0.04387886520111509,0.04393421671612646,105.12940684819095,11.002409794606095,1.4887518609284651,1.0,1.0,1.0,1.0,7.0,1.4770737583343774,1.5940594059405941,0.025815191986644406,0.16067106767132783,0.5319003250943222,0.07,1,ARG50
106,19.84658432911965,0.043780532396038074,0.04385139910843899,0.04388138117907015,0.04391262123867884,0.3004848710314904,0.025910123870326422,0.047903006656340064,1.0,1.0,1.0,1.0,7.0,1.3462434163788939,1.4554455445544554,0.025815191986644406,0.16067106767132783,0.5319003250943222,0.07,1,ARG50
107,19.651713563216617,0.043785983681607375,0.043862354095785,0.043892074085379165,0.043938881758584805,30.995504338622304,3.0790193773833203,0.3641391708272545,1.0,1.0,1.0,1.0,7.0,1.459314907756376,1.52,0.025815191986644406,0.16067106767132783,0.5319003250943222,0.07,1,ARG50
108,19.64554948863224,0.043781580720186015,0.04385438683226063,0.04388159084389974,0.04393369255405248,74.6626862127529,7.42340300830537,0.8172193864115357,1.0,1.0,1.0,1.0,7.0,1.5151237573214933,1.62,0.025815191986644406,0.16067106767132783,0.5319003250943222,0.07,1,ARG50
109,19.61892113040085,0.04378975764853997,0.04385124185981681,0.0438842116542696,0.04393002341953468,35.549333633152656,3.53826490282287,0.4239875535520013,1.0,1.0,1.0,1.0,7.0,1.4934523762075578,1.64,0.025815191986644406,0.16067106767132783,0.5319003250943222,0.07,1,ARG50
110,19.851798661489738,0.04377948407189013,0.043848883130483934,0.04388557447566192,0.043923943139476625,1.1986454169191025,0.11561651883628567,0.05990792647724033,1.0,1.0,1.0,1.0,7.0,1.332189163687458,1.495049504950495,0.025815191986644406,0.16067106767132783,0.5319003250943222,0.07,1,ARG50
111,19.59255945138284,0.043748244012281445,0.04384117794799655,0.04388159084389974,0.04391933051322568,13426.59162897454,1335.9239982921717,134.31568148980915,1.0,1.0,1.0,1.0,7.0,1.232882800593795,1.4,0.025815191986644406,0.16067106767132783,0.5319003250943222,0.07,1,ARG50
112,19.622488996275933,0.043776758429105486,0.04386004778265952,0.04387603472591565,0.04391817735666294,0.6410218949910704,0.08078620050800946,0.06195909640604709,1.0,1.0,1.0,1.0,7.0,1.2,1.4,0.025815191986644406,0.16067106767132783,0.5319003250943222,0.07,1,ARG50
113,19.823633126856294,0.04379772491206434,0.04383839988900451,0.04388284883287727,0.04393002341953469,3.2542488384445325,0.3383782549097008,0.09432483650804199,1.0,1.0,1.0,1.0,7.0,1.3540848314676242,1.4752475247524752,0.025815191986644406,0.16067106767132783,0.5319003250943222,0.07,1,ARG50
114,19.596389158075908,0.04376292055035264,0.04386020503128171,0.04389459006333423,0.043929656506082916,6333.353313593221,630.9747961257686,67.33351118725284,1.0,1.0,1.0,1.0,7.0,1.1999999999999997,1.4,0.025815191986644406,0.16067106767132783,0.5319003250943222,0.07,1,ARG50
115,19.618842578172917,0.04377151680836577,0.04384699614701764,0.04387582506108606,0.043918596686322114,0.5479751006879958,0.06731623207297945,0.05646517057730677,1.0,1.0,1.0,1.0,7.0,1.2191800523302536,1.44,0.025815191986644406,0.16067106767132783,0.5319003250943222,0.07,1,ARG50
116,19.82268879219191,0.04378661267609614,0.04384657681735846,0.04388075218458139,0.043916185540781846,0.3495652528862686,0.042378966613964474,0.05364771638219839,1.0,1.0,1.0,1.0,7.0,1.299408294378053,1.4158415841584158,0.025815191986644406,0.16067106767132783,0.5319003250943222,0.07,1,ARG50
117,19.785610138933407,0.04379080597268791,0.043847625141506405,0.04388830011844658,0.043928136436068396,2.8076831264932802,0.2742317758712374,0.07605479473365288,1.0,1.0,1.0,1.0,7.0,1.2860620103864966,1.4554455445544554,0.025815191986644406,0.16067106767132783,0.5319003250943222,0.07,1,ARG50
118,19.604114885500167,0.04379982156036022,0.04385706005883788,0.043887566291543015,0.04392551562569854,1.2131423164697246,0.12188437452523322,0.06449397392825873,1.0,1.0,1.0,1.0,7.0,1.0842508934743837,1.38,0.025815191986644406,0.16067106767132783,0.5319003250943222,0.07,1,ARG50
119,19.648237626242917,0.04379122530234709,0.04385066528153544,0.043880437687337,0.0439225279018769,7.202690828053711,0.7140514401925673,0.125836618931187,1.0,1.0,1.0,1.0,11.0,1.7058722109231979,1.7,0.025815191986644406,0.16067106767132783,0.5319003250943222,0.07,1,ARG50
120,19.805730614170898,0.04376417853933017,0.043855382740201176,0.04387928453077427,0.04391995950771444,585.4388965027655,57.95660215114001,5.880902743593927,1.0,1.0,1.0,1.0,11.0,1.6965108903448627,1.5742574257425743,0.025815191986644406,0.16067106767132783,0.5319003250943222,0.07,1,ARG50
121,19.796875271276804,0.04376648485245564,0.043842593185596274,0.0438750912341825,0.04392226582083991,11.181797853453253,1.1025970274128518,0.1571856297610192,1.0,1.0,1.0,1.0,7.0,1.3081302625674254,1.4356435643564356,0.025815191986644406,0.16067106767132783,0.5319003250943222,0.07,1,ARG50
122,19.629520560905803,0.043792483291324624,0.04385071769774283,0.04387708305006359,0.04391969742667745,24.921778933069284,2.476176639796353,0.3084309274821664,1.0,1.0,1.0,1.0,11.0,1.4455448799674122,1.48,0.025815191986644406,0.16067106767132783,0.5319003250943222,0.07,1,ARG50
123,19.60418119953829,0.043789128654051206,0.04384689131460284,0.043879703860433446,0.04391424614110816,147511.76085954366,14677.230028517462,1475.1659607898991,1.0,1.0,1.0,1.0,7.0,1.291665591397402,1.46,0.025815191986644406,0.16067106767132783,0.5319003250943222,0.07,1,ARG50
124,19.677225682593416,0.0437398574190979,0.04385941878817076,0.04388546964324713,0.04392598737156511,12720.476986038313,1265.6645047018603,127.27422974049514,1.0,1.0,1.0,1.0,7.0,1.47770091696527,1.58,0.025815191986644406,0.16067106767132783,0.5319003250943222,0.07,1,ARG50
125,19.629633550910512,0.0437855643519482,0.04384369392595162,0.043875405731426884,0.04391875393494431,3.063884277101646,0.37054121747457996,0.10992400621005924,1.0,1.0,1.0,1.0,7.0,1.3521834195108295,1.54,0.025815191986644406,0.16067106767132783,0.5319003250943222,0.07,1,ARG50
126,19.842331977182766,0.043760404572397577,0.04384909279531352,0.04387488156935291,0.04391995950771444,25.894432866715555,2.5600592684771297,0.31287412468445336,1.0,1.0,1.0,1.0,7.0,1.5652334927025353,1.6336633663366336,0.025815191986644406,0.16067106767132783,0.5319003250943222,0.07,1,ARG50
127,19.791233170690248,0.04372769685898177,0.043856850394008294,0.043878445871455916,0.04392645911743168,3571.955056207953,353.6378210263333,35.65501323234328,1.0,1.0,1.0,1.0,7.0,1.3615931435779074,1.495049504950495,0.025815191986644406,0.16067106767132783,0.5319003250943222,0.07,1,ARG50
128,19.796331666962942,0.04377319412700248,0.04384972178980229,0.043877397547307975,0.0439080086124279,0.14635070450174087,0.010293382533953179,0.04552857321218384,1.0,1.0,1.0,1.0,7.0,1.1738416107151626,1.3564356435643565,0.025815191986644406,0.16067106767132783,0.5319003250943222,0.07,1,ARG50
129,19.799289899063297,0.04378870932439203,0.04385789871815624,0.043884316486684394,0.0439298137547051,2.275316006914,0.2549075738221868,0.08261355240035809,1.0,1.0,1.0,1.0,7.0,1.4594475859555067,1.5346534653465347,0.025815191986644406,0.16067106767132783,0.5319003250943222,0.07,1,ARG50
130,19.596161755005596,0.04379269295615421,0.04385181843809818,0.043876768552819204,0.04391471788697472,0.37863171348292524,0.034414944258363535,0.04925053626133896,1.0,1.0,1.0,1.0,7.0,1.209793370786929,1.42,0.025815191986644406,0.16067106767132783,0.5319003250943222,0.07,1,ARG50
131,19.81073718154221,0.04376585585796688,0.04384930246014311,0.04388012319009262,0.04390758928276872,0.08854786657756612,0.00486537804355701,0.045029913982190306,1.0,1.0,1.0,1.0,7.0,1.227403343945484,1.396039603960396,0.025815191986644406,0.16067106767132783,0.5319003250943222,0.07,1,ARG50
132,19.62488825514447,0.043784725692629846,0.04386507973856965,0.04388620347015069,0.043921269912899366,17.990256232581668,1.87531770626234,0.289844158244565,1.0,1.0,1.0,1.0,7.0,1.519341962824696,1.54,0.025815191986644406,0.16067106767132783,0.5319003250943222,0.07,1,ARG50
133,19.63380222764681,0.04377109747870659,0.04385517307537159,0.04388672763222466,0.043919907091507046,200.25394585645995,19.9202228823872,2.0503349428714275,1.0,1.0,1.0,1.0,7.0,1.3674794331177345,1.5,0.025815191986644406,0.16067106767132783,0.5319003250943222,0.07,1,ARG50
134,19.622632724116556,0.04375977557790881,0.04384909279531352,0.0438805425197518,0.04392399555568403,499.1677353028548,49.66156081903867,5.041526526760729,1.0,1.0,1.0,1.0,7.0,1.0954451150103321,1.4,0.025815191986644406,0.16067106767132783,0.5319003250943222,0.07,1,ARG50
135,19.57718654879136,0.04379269295615421,0.04384856863323955,0.04387184142932388,0.043917233864929794,0.32698532591462165,0.028372192235566075,0.04769700871639197,1.0,1.0,1.0,1.0,7.0,1.0476640682967036,1.32,0.025815191986644406,0.16067106767132783,0.5319003250943222,0.07,1,ARG50
136,19.605576640402433,0.043773613456661656,0.043844165671818196,0.04387708305006359,0.04389663429542272,73.73258154843259,7.352927118710957,0.8545640121565651,1.0,1.0,1.0,1.0,7.0,1.3222707740852477,1.46,0.025815191986644406,0.16067106767132783,0.5319003250943222,0.07,1,ARG50
137,19.64787247212371,0.04375201797921403,0.04385008870325406,0.04387603472591564,0.043918596686322114,1.661944678740396,0.17431267093320968,0.07464623217028907,1.0,1.0,1.0,1.0,9.0,1.4176036117335482,1.48,0.025815191986644406,0.16067106767132783,0.5319003250943222,0.07,1,ARG50
138,19.602551809628494,0.04378661267609614,0.04385077011395023,0.04387393807761976,0.04391534688146349,1.2302884446456328,0.13743409370372978,0.0671806950861149,1.0,1.0,1.0,1.0,7.0,1.0842508934743837,1.38,0.025815191986644406,0.16067106767132783,0.5319003250943222,0.07,1,ARG50
139,19.612322741595563,0.04376774284143318,0.04383729914864917,0.04387613955833044,0.04392006434012924,0.5944654446340607,0.06343662861781127,0.05762170844148004,1.0,1.0,1.0,1.0,7.0,1.260317420335052,1.46,0.025815191986644406,0.16067106767132783,0.5319003250943222,0.07,1,ARG50
140,19.83059837744804,0.04376858150075153,0.04385286676224612,0.043872994585886615,0.0439115729145309,42737.96166734988,4231.475761836998,423.2040545492949,1.0,1.0,1.0,1.0,7.0,1.3462434163788937,1.4554455445544554,0.025815191986644406,0.16067106767132783,0.5319003250943222,0.07,1,ARG50
141,19.61993860968505,0.04377445211598001,0.04384841138461736,0.043880961849410975,0.04391854427011471,42623.109222141466,4240.88240242258,426.90707961863967,1.0,1.0,1.0,1.0,7.0,1.5308820986607687,1.58,0.025815191986644406,0.16067106767132783,0.5319003250943222,0.07,1,ARG50
142,19.62516802639584,0.04377424245115042,0.04386051952852609,0.04389270307986794,0.04392315689636567,1048.174303599811,104.28239900786205,10.59653995994084,1.0,1.0,1.0,1.0,7.0,1.4316424134538626,1.52,0.025815191986644406,0.16067106767132783,0.5319003250943222,0.07,1,ARG50
143,19.883339381281985,0.04371197199676263,0.043847625141506405,0.04388033285492221,0.04391262123867884,6.6768037511907306,0.6599583946611287,0.1197740494253511,1.0,1.0,1.0,1.0,7.0,1.3615931435779074,1.495049504950495,0.025815191986644406,0.16067106767132783,0.5319003250943222,0.07,1,ARG50
144,19.62196076088003,0.04377424245115042,0.04385181843809818,0.04388274400046248,0.043936994775118504,205.64954918081085,20.456730806001552,2.1078461510004622,1.0,1.0,1.0,1.0,7.0,1.307669683062202,1.5,0.025815191986644406,0.16067106767132783,0.5319003250943222,0.07,1,ARG50
145,19.81505641672993,0.04378766100024409,0.043855592405030765,0.04388326816253645,0.04391681453527062,671.501487224273,66.48087801021072,6.692707480809349,1.0,1.0,1.0,1.0,7.0,1.3540848314676242,1.4752475247524752,0.025815191986644406,0.16067106767132783,0.5319003250943222,0.07,1,ARG50
146,19.68887076873216,0.043784935357459434,0.0438549109943346,0.04387152693207949,0.04391660487044102,1.2263080010453915,0.12102743385659094,0.06308386494728577,1.0,1.0,1.0,1.0,7.0,1.7780888616714294,1.72,0.025815191986644406,0.16067106767132783,0.5319003250943222,0.07,1,ARG50
147,19.82204215924139,0.04380107954933775,0.043858737377474595,0.043891864420549584,0.043936942358911116,1.428304569573084,0.15926669123003032,0.07236232705539171,1.0,1.0,1.0,1.0,7.0,1.5554326246855825,1.5940594059405941,0.025815191986644406,0.16067106767132783,0.5319003250943222,0.07,1,ARG50
148,19.610518885980127,0.04379080597268791,0.04386151543646664,0.04388819528603178,0.04392053608599581,0.5944798683185863,0.07864386363673641,0.06070234512250497,1.0,1.0,1.0,1.0,7.0,1.315142577821888,1.52,0.025815191986644406,0.16067106767132783,0.5319003250943222,0.07,1,ARG50
149,19.648160781653132,0.04376124323171593,0.04385003628704667,0.04388578414049151,0.04391933051322568,14.523914639049703,1.471786410148654,0.23678115907585087,1.0,1.0,1.0,1.0,7.0,1.50996688705415,1.6,0.025815191986644406,0.16067106767132783,0.5319003250943222,0.07,1,ARG50
150,19.848948011815082,0.043774871445639185,0.04385265709741652,0.043884316486684394,0.04392121749669197,56.06493499497646,5.546193680858202,0.6033874938530721,1.0,1.0,1.0,1.0,7.0,1.6393839236292438,1.6336633663366336,0.025815191986644406,0.16067106767132783,0.5319003250943222,0.07,1,ARG50
151,19.792665895394748,0.04376983948972906,0.04385412475122365,0.04387760721213756,0.04391933051322568,0.16572577175730022,0.012188026554488387,0.04582431805688956,1.0,1.0,1.0,1.0,7.0,1.3380630421010815,1.4356435643564356,0.025815191986644406,0.16067106767132783,0.5319003250943222,0.07,1,ARG50
152,19.807674497686094,0.043796886252745984,0.04386272100923677,0.04388452615151398,0.04391828218907773,61.344270413809745,6.069155453647947,0.6660488718293377,1.0,1.0,1.0,1.0,7.0,1.3540848314676244,1.4752475247524752,0.025815191986644406,0.16067106767132783,0.5319003250943222,0.07,1,ARG50
153,19.620069814729504,0.043758307924101694,0.04384683889839544,0.04387708305006359,0.0439152420490487,11.944480515652074,1.1887087972570873,0.18513448552170028,1.0,1.0,1.0,1.0,7.0,1.5620499351813308,1.6,0.025815191986644406,0.16067106767132783,0.5319003250943222,0.07,1,ARG50
154,19.611749822477577,0.0437727747973433,0.04384112553178915,0.04387739754730797,0.04392703569571305,454.92441891708256,50.4456810623058,6.901406810559764,1.0,1.0,1.0,1.0,7.0,1.5969971822141706,1.64,0.025815191986644406,0.16067106767132783,0.5319003250943222,0.07,1,ARG50
155,19.841021634580102,0.043742583061882556,0.04383839988900451,0.04388557447566192,0.043935055375444815,1.6511984429385458,0.1800897051428017,0.08120732338720052,1.0,1.0,1.0,1.0,7.0,1.4224384155301364,1.5940594059405941,0.025815191986644406,0.16067106767132783,0.5319003250943222,0.07,1,ARG50
156,19.628746422822587,0.04376983948972906,0.04384432292044038,0.043863559668555124,0.04391010526072378,529.111803135118,52.64105995870802,5.339958208324933,1.0,1.0,1.0,1.0,7.0,1.5512575543732252,1.56,0.025815191986644406,0.16067106767132783,0.5319003250943222,0.07,1,ARG50
157,19.84582100616535,0.04378849965956244,0.043855592405030765,0.043884106821854806,0.04392897509538675,18.691014970897506,1.848511016254022,0.25187773835695737,1.0,1.0,1.0,1.0,7.0,1.6436836411443272,1.6534653465346534,0.025815191986644406,0.16067106767132783,0.5319003250943222,0.07,1,ARG50
158,19.67393274960341,0.04378220971467478,0.0438458429904549,0.04387949419560386,0.04393002341953469,4.254882954638301,0.41886258946216265,0.08885027366845513,1.0,1.0,1.0,1.0,7.0,1.705872210923198,1.7,0.025815191986644406,0.16067106767132783,0.5319003250943222,0.07,1,ARG50
159,19.820259080122923,0.04378283870916355,0.04385097977877982,0.04387613955833044,0.043932539397489756,887.010929169192,87.81352557804472,8.894380594159689,1.0,1.0,1.0,1.0,7.0,1.5088537189345534,1.613861386138614,0.025815191986644406,0.16067106767132783,0.5319003250943222,0.07,1,ARG50
160,19.81329269107664,0.043786822340925735,0.04385789871815624,0.04389060643157205,0.04392729777675004,1326.477547829706,131.32020110675478,13.314270307824254,1.0,1.0,1.0,1.0,7.0,1.5127468716660812,1.5346534653465347,0.025815191986644406,0.16067106767132783,0.5319003250943222,0.07,1,ARG50
161,19.635943914821837,0.043786193346436963,0.0438458429904549,0.043882953665292074,0.04392724536054264,0.2810375927565164,0.029521474121881306,0.05008906103193774,1.0,1.0,1.0,1.0,7.0,1.3521834195108295,1.46,0.025815191986644406,0.16067106767132783,0.5319003250943222,0.07,1,ARG50
162,19.816951632034034,0.04377151680836577,0.04386020503128171,0.043884106821854806,0.043923104480158265,437.98365120909875,43.358847349390416,4.395901701084541,1.0,1.0,1.0,1.0,7.0,1.4656141045515507,1.5544554455445545,0.025815191986644406,0.16067106767132783,0.5319003250943222,0.07,1,ARG50
163,19.798178213997744,0.043731890155573536,0.04385475374571241,0.04389018710191287,0.0439189111835665,11.260730981898059,1.3355341082081407,0.2326390773643211,1.0,1.0,1.0,1.0,7.0,1.3164966446411615,1.4554455445544554,0.025815191986644406,0.16067106767132783,0.5319003250943222,0.07,1,ARG50
164,19.855389296106296,0.04376354954484141,0.043848673465654346,0.04388242950321809,0.04392457213396539,0.6662827510242656,0.0690059675093087,0.05479233955945213,1.0,1.0,1.0,1.0,7.0,1.397408218960582,1.5148514851485149,0.025815191986644406,0.16067106767132783,0.5319003250943222,0.07,1,ARG50
165,19.61515859159408,0.043776758429105486,0.04383782331072314,0.043876244390745237,0.04391655245423363,0.5363408558554585,0.0556318603827596,0.0554069728234496,1.0,1.0,1.0,1.0,7.0,1.260317420335052,1.46,0.025815191986644406,0.16067106767132783,0.5319003250943222,0.07,1,ARG50
166,20.032875538803637,0.04376690418211482,0.04384615748769928,0.04388725179429863,0.04392541079328374,2.174919422223823,0.2120074050884785,0.06927940600329009,1.0,1.0,1.0,1.0,7.0,1.5186969892129905,1.5544554455445545,0.025815191986644406,0.16067106767132783,0.5319003250943222,0.07,1,ARG50
167,19.723714667517925,0.04378283870916355,0.043852342600172144,0.04387488156935291,0.043920798167032794,0.989654722192159,0.10975786388077557,0.0661415083824434,1.0,1.0,1.0,1.0,7.0,1.4381933110677436,1.54,0.025815191986644406,0.16067106767132783,0.5319003250943222,0.07,1,ARG50
168,19.862389838293893,0.043764807533818936,0.04385265709741652,0.04387613955833044,0.04390905693657584,67810.74538223536,6713.930376689269,671.4416160915247,1.0,1.0,1.0,1.0,7.0,1.4529850556708228,1.5148514851485149,0.025815191986644406,0.16067106767132783,0.5319003250943222,0.07,1,ARG50
169,19.78910770622315,0.04380527284592952,0.04385601173468994,0.04388263916804769,0.04391786285941855,2.4424212080756154,0.2380106359538136,0.07234138167834954,1.0,1.0,1.0,1.0,7.0,1.299408294378053,1.4158415841584158,0.025815191986644406,0.16067106767132783,0.5319003250943222,0.07,1,ARG50
170,19.589332547824597,0.04378724167058491,0.04385239501637954,0.043875615396256465,0.04391010526072378,0.33669555481455726,0.02966935666942913,0.04800705299709638,1.0,1.0,1.0,1.0,7.0,1.1897898974188674,1.38,0.025815191986644406,0.16067106767132783,0.5319003250943222,0.07,1,ARG50
171,19.803152620472247,0.04379311228581339,0.04385957603679295,0.04388075218458139,0.04391471788697473,0.20265230654446392,0.026933495148325066,0.050420482722434046,1.0,1.0,1.0,1.0,7.0,1.3081302625674256,1.4356435643564356,0.025815191986644406,0.16067106767132783,0.5319003250943222,0.07,1,ARG50
172,19.864370151859475,0.04379416060996133,0.04384930246014311,0.043878445871455916,0.0439170242001002,33.43663198371518,3.3057932345831196,0.3811035737744212,1.0,1.0,1.0,1.0,7.0,1.4923915787260806,1.5544554455445545,0.025815191986644406,0.16067106767132783,0.5319003250943222,0.07,1,ARG50
173,19.804060240479885,0.04375893691859046,0.043851189443609405,0.043869849613442785,0.04391765319458897,2.6012363851015285,0.2605648014608385,0.08013681074249812,1.0,1.0,1.0,1.0,7.0,1.4038472772091963,1.4554455445544554,0.025815191986644406,0.16067106767132783,0.5319003250943222,0.07,1,ARG50
174,19.614932042342843,0.0437801130663789,0.04385737455608227,0.0438859938053211,0.043919382929433065,0.3737291242918258,0.038005742486730915,0.05094132326263824,1.0,1.0,1.0,1.0,7.0,1.3139254164525471,1.44,0.025815191986644406,0.16067106767132783,0.5319003250943222,0.07,1,ARG50
175,19.819808543135878,0.043784725692629846,0.04386167268508883,0.04390046067856271,0.0439279267712388,616.2221286316444,64.44023609621685,8.61659411032937,1.0,1.0,1.0,1.0,9.0,1.86370195102613,1.7524752475247525,0.025815191986644406,0.16067106767132783,0.5319003250943222,0.07,1,ARG50
176,19.825783921551192,0.04377193613802495,0.043852028102927765,0.04388159084389974,0.04391974984288485,2290.4974845560014,231.86248290363795,28.289009590743866,1.0,1.0,1.0,1.0,7.0,1.658408452769117,1.7326732673267327,0.025815191986644406,0.16067106767132783,0.5319003250943222,0.07,1,ARG50
177,19.622660331253428,0.04378975764853997,0.043845528493210516,0.043876873385234,0.043909895595894186,1736.8374047114678,172.80860992848991,17.413447745132768,1.0,1.0,1.0,1.0,7.0,1.5874507866387544,1.6,0.025815191986644406,0.16067106767132783,0.5319003250943222,0.07,1,ARG50
178,19.636019620957086,0.043781580720186015,0.0438512942760242,0.04388326816253645,0.04391922568081087,0.45907773262735885,0.04745809209024102,0.053210049161132006,1.0,1.0,1.0,1.0,7.0,1.6822603841260726,1.7,0.025815191986644406,0.16067106767132783,0.5319003250943222,0.07,1,ARG50
179,19.830783089069882,0.043767323511773995,0.04385601173468994,0.04387823620662633,0.043914088892485964,0.30226805854603184,0.03284822672739291,0.04998795584461897,1.0,1.0,1.0,1.0,7.0,1.524366673577642,1.5742574257425743,0.025815191986644406,0.16067106767132783,0.5319003250943222,0.07,1,ARG50
180,19.664214470394654,0.043760404572397577,0.04384977420600969,0.043873309083131,0.04392053608599581,54.409170016652325,5.414347602025301,0.6299002861685351,1.0,1.0,1.0,1.0,7.0,1.7839282496782207,1.76,0.025815191986644406,0.16067106767132783,0.5319003250943222,0.07,1,ARG50
181,19.81385764112929,0.043787032005755316,0.04385726972366748,0.04388913877776493,0.04392687844709087,0.3702478336800367,0.0471519160278544,0.05331012555668492,1.0,1.0,1.0,1.0,7.0,1.5554326246855825,1.5940594059405941,0.025815191986644406,0.16067106767132783,0.5319003250943222,0.07,1,ARG50
182,19.627943823754322,0.04380066021967857,0.04385103219498722,0.04387813137421153,0.043919540178055265,76.4397148338452,7.7700883845402595,0.9830494773587901,1.0,1.0,1.0,1.0,7.0,1.4316424134538628,1.52,0.025815191986644406,0.16067106767132783,0.5319003250943222,0.07,1,ARG50
183,19.889552977954736,0.0437436313860305,0.0438495121249727,0.04387341391554579,0.0439189111835665,0.13229142708479164,0.01196436810844486,0.046442766386293195,1.0,1.0,1.0,1.0,7.0,1.299408294378053,1.4158415841584158,0.025815191986644406,0.16067106767132783,0.5319003250943222,0.07,1,ARG50
184,19.863703311566496,0.04376522686347811,0.04384531882838093,0.043889767772253695,0.043931700738171396,8.553513368397613,0.8711272120921751,0.16483527848758725,1.0,1.0,1.0,1.0,7.0,1.6911864928947464,1.6534653465346534,0.025815191986644406,0.16067106767132783,0.5319003250943222,0.07,1,ARG50
185,19.648149681888754,0.0437820000498452,0.04383729914864916,0.043870897937590726,0.04391178257936049,130.6653139210626,12.996118533701384,1.3570072065070848,1.0,1.0,1.0,1.0,7.0,1.3521834195108295,1.46,0.025815191986644406,0.16067106767132783,0.5319003250943222,0.07,1,ARG50
186,19.623435038578464,0.04377004915455865,0.04385139910843899,0.04388358265978083,0.04392278998291389,303.6443625278283,32.53167619576553,4.340409581060599,1.0,1.0,1.0,1.0,7.0,1.4247806848775006,1.5,0.025815191986644406,0.16067106767132783,0.5319003250943222,0.07,1,ARG50
187,19.805419535870897,0.04377948407189013,0.04384825413599517,0.04388075218458139,0.04390926660140543,0.17080526562379286,0.016681769625516978,0.047137414276432796,1.0,1.0,1.0,1.0,7.0,1.299408294378053,1.4158415841584158,0.025815191986644406,0.16067106767132783,0.5319003250943222,0.07,1,ARG50
188,19.65384158914094,0.0437820000498452,0.043854334416053235,0.043880647352166596,0.04390858519070927,3.4360188222792623,0.3539459802465453,0.10082193447623507,1.0,1.0,1.0,1.0,7.0,1.6172816699635226,1.62,0.025815191986644406,0.16067106767132783,0.5319003250943222,0.07,1,ARG50
189,19.852501362591283,0.04375851758893128,0.04385139910843899,0.04388578414049151,0.04393044274919387,43.561315708479476,4.30833951948441,0.4855260750237367,1.0,1.0,1.0,1.0,7.0,1.5036471688371982,1.5940594059405941,0.025815191986644406,0.16067106767132783,0.5319003250943222,0.07,1,ARG50
190,19.605338706751354,0.04376019490756799,0.04385349575673488,0.04388096184941098,0.04391623795698924,660.8455923828503,65.7447150985193,6.732001682713277,1.0,1.0,1.0,1.0,7.0,1.3222707740852475,1.46,0.025815191986644406,0.16067106767132783,0.5319003250943222,0.07,1,ARG50
191,19.623701717762742,0.043755162951657864,0.04384594782286969,0.04388337299495125,0.04392383830706183,438.68889877246636,43.64033383694428,4.4980789679963245,1.0,1.0,1.0,1.0,7.0,1.4560219778561037,1.6,0.025815191986644406,0.16067106767132783,0.5319003250943222,0.07,1,ARG50
192,19.66135955156642,0.04376690418211482,0.0438459478228697,0.04388106668182577,0.04391775802700376,645.9000892946983,64.26866134716131,6.693329412861435,1.0,1.0,1.0,1.0,7.0,1.4316424134538626,1.52,0.025815191986644406,0.16067106767132783,0.5319003250943222,0.07,1,ARG50
193,19.812419793452136,0.04375746926478334,0.04385097977877982,0.04387781687696715,0.043908427942087075,0.7684349279195436,0.08031267779039285,0.05646013992321346,1.0,1.0,1.0,1.0,7.0,1.3540848314676244,1.4752475247524752,0.025815191986644406,0.16067106767132783,0.5319003250943222,0.07,1,ARG50
194,19.649250267160824,0.04375746926478334,0.0438549109943346,0.04388085701699618,0.04392399555568402,2.917648616714816,0.31859869202044266,0.09780361960634876,1.0,1.0,1.0,1.0,7.0,1.5670354175959136,1.62,0.025815191986644406,0.16067106767132783,0.5319003250943222,0.07,1,ARG50
195,19.890302354993764,0.043782419379504375,0.04384741547667681,0.04387173659690908,0.043929394425045926,0.7035641985192272,0.06579033027154026,0.052499142743615626,1.0,1.0,1.0,1.0,7.0,1.7737976773511832,1.7326732673267327,0.025815191986644406,0.16067106767132783,0.5319003250943222,0.07,1,ARG50
196,19.638106378522934,0.04377654876427589,0.043855906902275144,0.04388557447566192,0.04392111266427717,528.4687163688143,52.575724407642035,5.34749321038877,1.0,1.0,1.0,1.0,7.0,1.3379088160259651,1.5,0.025815191986644406,0.16067106767132783,0.5319003250943222,0.07,1,ARG50
197,19.848556104378076,0.043797095917575565,0.04385077011395023,0.043885364810832335,0.043930652414023455,9.96591213624633,0.9820800725553617,0.14656220370457737,1.0,1.0,1.0,1.0,7.0,1.4656141045515507,1.5544554455445545,0.025815191986644406,0.16067106767132783,0.5319003250943222,0.07,1,ARG50
198,19.631967064953642,0.04379730558240516,0.04385601173468994,0.04388997743708328,0.04392111266427717,15.915953165405615,1.6121175747435148,0.2377609877898742,1.0,1.0,1.0,1.0,7.0,1.654569430395715,1.68,0.025815191986644406,0.16067106767132783,0.5319003250943222,0.07,1,ARG50
199,19.633261184819276,0.0437618722262047,0.04385700764263049,0.0438877759563726,0.04392420522051361,6239745.252962788,620846.7443669438,62398.14307469938,1.0,1.0,1.0,1.0,7.0,1.7554486605993351,1.72,0.025815191986644406,0.16067106767132783,0.5319003250943222,0.07,1,ARG50
200,19.788854972895933,0.04377151680836577,0.043862092014748014,0.04388138117907015,0.04391912084839609,0.8094335675769819,0.07870574090255245,0.05618204288323275,1.0,1.0,1.0,1.0,7.0,1.3081302625674256,1.4356435643564356,0.025815191986644406,0.16067106767132783,0.5319003250943222,0.07,1,ARG50
201,19.822597432532348,0.04378137105535643,0.043845528493210516,0.043870897937590726,0.04392205615601033,0.9204623415483308,0.09568391681752396,0.06021112101936697,1.0,1.0,1.0,1.0,7.0,1.5186969892129905,1.5544554455445545,0.025815191986644406,0.16067106767132783,0.5319003250943222,0.07,1,ARG50
202,19.66148335672915,0.043784935357459434,0.043855592405030765,0.04389029193432767,0.043937938266851655,401.0484838796765,39.89794339910694,4.069774505476819,1.0,1.0,1.0,1.0,7.0,1.7291616465790582,1.7,0.025815191986644406,0.16067106767132783,0.5319003250943222,0.07,1,ARG50
203,19.624348919984186,0.04373545445767654,0.04385706005883788,0.0438842116542696,0.04393274906231934,348.2230658094333,34.64124313545131,3.5493546467804133,1.0,1.0,1.0,1.0,7.0,1.6093476939431082,1.7,0.025815191986644406,0.16067106767132783,0.5319003250943222,0.07,1,ARG50
204,19.87031023867894,0.043797934576893925,0.04385181843809817,0.043880961849410975,0.0439170242001002,328.01622272402483,33.73641665259851,4.670846525072146,1.0,1.0,1.0,1.0,7.0,1.5297590428378585,1.5940594059405941,0.025815191986644406,0.16067106767132783,0.5319003250943222,0.07,1,ARG50
205,19.798394517274573,0.04375537261648745,0.043856850394008294,0.043882010173558916,0.04391136324970131,63.287928644868984,6.261225469429519,0.6766848652869416,1.0,1.0,1.0,1.0,7.0,1.3081302625674256,1.4356435643564356,0.025815191986644406,0.16067106767132783,0.5319003250943222,0.07,1,ARG50
206,19.606291295058327,0.04378975764853997,0.043841335196618744,0.043877816876967145,0.043913564730412,220244.4893976022,21913.445696279552,2209.573846125913,1.0,1.0,1.0,1.0,7.0,1.5923567439490436,1.62,0.025815191986644406,0.16067106767132783,0.5319003250943222,0.07,1,ARG50
207,19.652695466327714,0.04377193613802495,0.04384814930358038,0.04387792170938194,0.04391403647627856,3421.5571595474325,340.42598832870436,34.84111197809295,1.0,1.0,1.0,1.0,7.0,1.6505756571572237,1.66,0.025815191986644406,0.16067106767132783,0.5319003250943222,0.07,1,ARG50
208,19.83017857829691,0.04379541859893886,0.04385181843809817,0.04388159084389974,0.04392331414498786,23.449598044275756,2.3206864533272173,0.3039306871478007,1.0,1.0,1.0,1.0,7.0,1.512746871666081,1.5346534653465347,0.025815191986644406,0.16067106767132783,0.5319003250943222,0.07,1,ARG50
209,19.840620335075073,0.043748453677111034,0.04384825413599517,0.04387760721213756,0.0439298137547051,5.367365225098,0.5567162186650338,0.13171859104892578,1.0,1.0,1.0,1.0,9.0,1.506512998147345,1.5148514851485149,0.025815191986644406,0.16067106767132783,0.5319003250943222,0.07,1,ARG50
210,19.653507742099464,0.04378220971467478,0.04384893554669134,0.04388221983838851,0.043920483669788415,20.138191106587286,1.9988771638392566,0.251851883051447,1.0,1.0,1.0,1.0,7.0,1.5923567439490436,1.62,0.025815191986644406,0.16067106767132783,0.5319003250943222,0.07,1,ARG50
211,19.81989705673186,0.04378514502228902,0.04385747938849706,0.043891864420549584,0.04393547470510399,29.781949005215317,2.947471971475194,0.3760638094714567,1.0,1.0,1.0,1.0,7.0,1.5903344954662388,1.6336633663366336,0.025815191986644406,0.16067106767132783,0.5319003250943222,0.07,1,ARG50
212,19.632782756089,0.04375684027029457,0.043846209903906676,0.04387938936318907,0.043926249452602095,2.4115543994753965,0.24108004801825017,0.07898984725819899,1.0,1.0,1.0,1.0,9.0,1.752141546793523,1.7,0.025815191986644406,0.16067106767132783,0.5319003250943222,0.07,1,ARG50
213,19.62939903262304,0.04378220971467478,0.04384615748769928,0.043877397547307975,0.043909109352783235,0.8681302603426084,0.08994862785124602,0.0587058677983441,1.0,1.0,1.0,1.0,7.0,1.7022338264762573,1.68,0.025815191986644406,0.16067106767132783,0.5319003250943222,0.07,1,ARG50
214,19.83469049417181,0.04378891898922162,0.04385244743258694,0.0438878807887874,0.04392268515049909,1.414296028972734,0.18211846227841028,0.08001218598166196,1.0,1.0,1.0,1.0,7.0,1.4320542361793693,1.5346534653465347,0.025815191986644406,0.16067106767132783,0.5319003250943222,0.07,1,ARG50
215,19.85946803621482,0.043760614237227165,0.043856640729178706,0.04387802654179673,0.04390108967305147,1.1403398087794332,0.13183061374279176,0.06406323903753341,1.0,1.0,1.0,1.0,7.0,1.3245141788665857,1.4752475247524752,0.025815191986644406,0.16067106767132783,0.5319003250943222,0.07,1,ARG50
216,19.645225033716997,0.043772355467684126,0.043839972375226424,0.04388117151424056,0.043919907091507046,103.76285869365498,10.319510743663278,1.085288985790219,1.0,1.0,1.0,1.0,7.0,1.4176036117335482,1.48,0.025815191986644406,0.16067106767132783,0.5319003250943222,0.07,1,ARG50
217,19.859213595220353,0.04380443418661117,0.04384846380082476,0.043878655536285505,0.04391178257936049,849.7652710877861,84.12680362898712,8.506886633771327,1.0,1.0,1.0,1.0,7.0,1.72856656180556,1.7326732673267327,0.025815191986644406,0.16067106767132783,0.5319003250943222,0.07,1,ARG50
218,19.63145732920384,0.04378283870916355,0.04385035078429105,0.04388525997841754,0.04391298815213062,5.80408882036753,0.615349743360439,0.1384876390855503,1.0,1.0,1.0,1.0,7.0,1.3052202879207786,1.42,0.025815191986644406,0.16067106767132783,0.5319003250943222,0.07,1,ARG50
219,19.857044016302098,0.04378137105535643,0.04385936637196336,0.04388347782736604,0.04395078023766395,5.3973752406684445,0.7352165460807235,0.17942509523208175,1.0,1.0,1.0,1.0,7.0,1.6273806583211374,1.693069306930693,0.025815191986644406,0.16067106767132783,0.5319003250943222,0.07,1,ARG50
220,19.660526499297703,0.0437763390994463,0.04384972178980229,0.04387729271489318,0.043918177356662945,0.3498753987857304,0.040258155680830486,0.05315606471493626,1.0,1.0,1.0,1.0,7.0,1.6822603841260726,1.7,0.025815191986644406,0.16067106767132783,0.5319003250943222,0.07,1,ARG50
221,19.60425178272999,0.04377969373671972,0.043850822530157624,0.043884316486684394,0.043913197816960216,3.655856327808305,0.3595210723149652,0.0837192750258742,1.0,1.0,1.0,1.0,7.0,1.3302631318652716,1.48,0.025815191986644406,0.16067106767132783,0.5319003250943222,0.07,1,ARG50
222,19.860299380816286,0.04380317619763364,0.04384846380082476,0.04388263916804769,0.04391870151873691,0.8739672010189984,0.10332587667100326,0.06199324409220774,1.0,1.0,1.0,1.0,7.0,1.524366673577642,1.5742574257425743,0.025815191986644406,0.16067106767132783,0.5319003250943222,0.07,1,ARG50
223,19.79100719068083,0.04377445211598001,0.043852237767757346,0.043878445871455916,0.04390989559589419,4.679763193120324,0.45944216840834784,0.09377763760391697,1.0,1.0,1.0,1.0,7.0,1.4462225454661553,1.495049504950495,0.025815191986644406,0.16067106767132783,0.5319003250943222,0.07,1,ARG50
224,19.61420714171254,0.04377990340154931,0.04384369392595162,0.04388913877776493,0.04392761227399442,162149.2487596479,16133.5523888871,1622.454935327854,1.0,1.0,1.0,1.0,7.0,1.452583904633395,1.5,0.025815191986644406,0.16067106767132783,0.5319003250943222,0.07,1,ARG50
225,19.822272408375284,0.0438056921755887,0.043848883130483934,0.0438769782176488,0.043918491853907324,0.8085119771842584,0.08045036755505744,0.057268755709012194,1.0,1.0,1.0,1.0,7.0,1.3164966446411615,1.4554455445544554,0.025815191986644406,0.16067106767132783,0.5319003250943222,0.07,1,ARG50
226,19.61101069135475,0.04377025881938824,0.04384731064426202,0.043877397547307975,0.043921165080484575,0.052058687923242995,0.002228878321560473,0.04465072751070624,1.0,1.0,1.0,1.0,7.0,1.3521834195108295,1.46,0.025815191986644406,0.16067106767132783,0.5319003250943222,0.07,1,ARG50
227,19.83063708434929,0.043791434967176676,0.043849354876350506,0.043871107602420314,0.04392677361467606,0.27381962904638946,0.026004682434083694,0.04821334997060843,1.0,1.0,1.0,1.0,7.0,1.4987995196156156,1.56,0.025815191986644406,0.16067106767132783,0.5319003250943222,0.07,1,ARG50
228,19.883583576302044,0.04378451602780026,0.043847625141506405,0.04388326816253645,0.04394302263896918,0.4734470236265773,0.05645726263277469,0.05750939101995809,1.0,1.0,1.0,1.0,7.0,1.4105349559214353,1.5544554455445545,0.025815191986644406,0.16067106767132783,0.5319003250943222,0.07,1,ARG50
229,19.835653897636803,0.043786822340925735,0.04385601173468994,0.0438805425197518,0.04392478179879498,1275.8187613848245,126.30733956146665,12.78819235431659,1.0,1.0,1.0,1.0,7.0,1.6235208707144266,1.6732673267326732,0.025815191986644406,0.16067106767132783,0.5319003250943222,0.07,1,ARG50
230,19.86219032696681,0.04376753317660359,0.04385643106434912,0.043889767772253695,0.04393149107334181,2.475311286672021,0.28288393871417383,0.10312973239753209,1.0,1.0,1.0,1.0,7.0,1.6477341831853245,1.6732673267326732,0.025815191986644406,0.16067106767132783,0.5319003250943222,0.07,1,ARG50
231,19.819675345846917,0.04377508111046877,0.04385349575673488,0.043886413134980276,0.043924991463624566,0.462813783416966,0.0540743219946664,0.055741472256757116,1.0,1.0,1.0,1.0,7.0,1.2139114553658696,1.4356435643564356,0.025815191986644406,0.16067106767132783,0.5319003250943222,0.07,1,ARG50
232,19.79753471168806,0.0437746617808096,0.043851189443609405,0.04388012319009262,0.04391429855731555,1.5387293589974083,0.1479472233592615,0.05942017169190114,1.0,1.0,1.0,1.0,7.0,1.277496326042718,1.4356435643564356,0.025815191986644406,0.16067106767132783,0.5319003250943222,0.07,1,ARG50
233,19.612441708391998,0.04379395094513174,0.04385381025397927,0.04387834103904112,0.04389825919785203,0.052166786515443715,0.002127087389611244,0.044556082357848234,1.0,1.0,1.0,1.0,7.0,1.2229472596968354,1.38,0.025815191986644406,0.16067106767132783,0.5319003250943222,0.07,1,ARG50
234,19.649565045401687,0.043760614237227165,0.04385197568672036,0.043875615396256465,0.04391933051322568,29.83698879318451,2.963925704214493,0.36280719465934247,1.0,1.0,1.0,1.0,7.0,1.513142425550219,1.52,0.025815191986644406,0.16067106767132783,0.5319003250943222,0.07,1,ARG50
235,19.60257087845821,0.04377403278632083,0.043852132935342555,0.0438877759563726,0.04391906843218869,8.565896978385302,0.8553690926820032,0.15016223891424463,1.0,1.0,1.0,1.0,7.0,1.4176036117335482,1.48,0.025815191986644406,0.16067106767132783,0.5319003250943222,0.07,1,ARG50
236,19.80090733538964,0.043762710885523054,0.04384175452627792,0.0438769782176488,0.04390926660140543,0.5613873279551906,0.05377851922284732,0.05204484183658822,1.0,1.0,1.0,1.0,7.0,1.3081302625674256,1.4356435643564356,0.025815191986644406,0.16067106767132783,0.5319003250943222,0.07,1,ARG50
237,19.831504289759323,0.04376837183592194,0.043848883130483934,0.04388557447566192,0.04393212006783058,3281095.4826425053,324860.02930510644,32495.31459228508,1.0,1.0,1.0,1.0,11.0,1.7784339104410065,1.6336633663366336,0.025815191986644406,0.16067106767132783,0.5319003250943222,0.07,1,ARG50
238,19.601360718457727,0.04378095172569725,0.043844951914929146,0.043881276346655354,0.043904339477910094,0.48795831249776733,0.04698222801122636,0.05058243959585758,1.0,1.0,1.0,1.0,7.0,1.3052202879207786,1.42,0.025815191986644406,0.16067106767132783,0.5319003250943222,0.07,1,ARG50
239,19.6015329072834,0.043783677368481905,0.04386015261507432,0.04388546964324713,0.043917443529759376,40.05538162379832,3.984098431255098,0.46496279894431125,1.0,1.0,1.0,1.0,7.0,1.3521834195108295,1.46,0.025815191986644406,0.16067106767132783,0.5319003250943222,0.07,1,ARG50
240,19.618085232039448,0.043762501220693466,0.0438494072925579,0.04388735662671343,0.0439260922039799,8.186073159067874,0.9147638720079719,0.1838264776359022,1.0,1.0,1.0,1.0,7.0,1.5308820986607685,1.58,0.025815191986644406,0.16067106767132783,0.5319003250943222,0.07,1,ARG50
241,19.826718294847524,0.043799192565871455,0.043851189443609405,0.043885364810832335,0.043930652414023455,15.880483564568614,1.643760165276162,0.27924743762794974,1.0,1.0,1.0,1.0,11.0,1.729020194292521,1.613861386138614,0.025815191986644406,0.16067106767132783,0.5319003250943222,0.07,1,ARG50
242,19.799883025465533,0.0437289548479593,0.04384154486144833,0.043875510563841674,0.043905282969643245,89122.86769665127,8824.039023022702,882.4774906676779,1.0,1.0,1.0,1.0,7.0,1.3081302625674256,1.4356435643564356,0.025815191986644406,0.16067106767132783,0.5319003250943222,0.07,1,ARG50
243,19.638830140727805,0.04375411462750992,0.04384919762772831,0.043880647352166596,0.04391927809701828,0.5188843759662838,0.07322841282646762,0.06148509696474593,1.0,1.0,1.0,1.0,7.0,1.5308820986607687,1.58,0.025815191986644406,0.16067106767132783,0.5319003250943222,0.07,1,ARG50
244,19.851917059073457,0.04378954798371038,0.04385370542156447,0.04387634922316003,0.04391471788697473,1390.6858507406578,137.6864175916397,13.82176173936761,1.0,1.0,1.0,1.0,9.0,1.6055486574752067,1.5940594059405941,0.025815191986644406,0.16067106767132783,0.5319003250943222,0.07,1,ARG50
245,19.598583213431993,0.04376879116558112,0.043849826622217085,0.04388117151424056,0.043906750623450355,0.4099345274383648,0.03758898371673208,0.049120501648071795,1.0,1.0,1.0,1.0,7.0,1.1791522378386943,1.36,0.025815191986644406,0.16067106767132783,0.5319003250943222,0.07,1,ARG50
246,19.83666966931196,0.04375600161097622,0.043852237767757346,0.043880961849410975,0.043932539397489756,0.19206019986382533,0.022308258626616072,0.04961175494719673,1.0,1.0,1.0,1.0,9.0,1.550129567586608,1.5742574257425743,0.025815191986644406,0.16067106767132783,0.5319003250943222,0.07,1,ARG50
247,19.837711909640348,0.04377948407189013,0.04384846380082476,0.04388347782736604,0.0439352650402744,1841.5486462944832,182.3259842176913,18.289124383181765,1.0,1.0,1.0,1.0,7.0,1.5297590428378585,1.5940594059405941,0.025815191986644406,0.16067106767132783,0.5319003250943222,0.07,1,ARG50
248,19.814497158891754,0.04376313021518223,0.043854334416053235,0.043884106821854806,0.043918491853907324,0.330266863946764,0.04825989029260175,0.056296877251676175,1.0,1.0,1.0,1.0,7.0,1.465614104551551,1.5544554455445545,0.025815191986644406,0.16067106767132783,0.5319003250943222,0.07,1,ARG50
249,19.6296247280261,0.0437910156375175,0.043861777517503635,0.04388085701699618,0.04391440338973035,1139.539257042936,115.6197853346493,13.839824935946694,1.0,1.0,1.0,1.0,7.0,1.562049935181331,1.6,0.025815191986644406,0.16067106767132783,0.5319003250943222,0.07,1,ARG50
250,19.666046502359677,0.04372979350727765,0.04386303550648116,0.04389553355506738,0.04395733226358859,1.1579975823123392,0.16860956570520208,0.08541782120962445,1.0,1.0,1.0,1.0,7.0,1.630214709785187,1.68,0.025815191986644406,0.16067106767132783,0.5319003250943222,0.07,1,ARG50
