generation_num,generation_time,training_fitness_min,training_fitness_lq,training_fitness_med,training_fitness_uq,training_fitness_max,training_fitness_std,training_fitness_mean,errors_min,errors_lq,errors_med,errors_uq,errors_max,errors_std,errors_mean,bounds_min,bounds_lq,bounds_med,bounds_uq,bounds_max,bounds_std,bounds_mean,size_min,size_lq,size_med,size_uq,size_max,size_std,size_mean,test_mse,test_rmse,test_r2,test_mae,best_candidate_size,best_candidate_solution
1,28.448401999999987,0.4440707350901526,0.4500624133148406,0.4500624133148406,0.45006241331484786,0.5500624133148406,0.00643662468412398,0.45035656980698024,873.5148072099036,1577.828845587868,48491.41575884419,1019894.5743554125,2.7861752722079523e+19,1.758604001790556e+18,1.1144965054119851e+17,0.4934119278779473,0.5000693481276006,0.5000693481276006,0.5000693481276006,0.5052011095700416,0.0013632995008569372,0.49995173370319,3.0,3.0,3.0,7.0,7.0,1.8240877171890613,4.448,4600.475483495145,67.82680505150708,-15.357534164472948,50.91,3,"sub(ARG2, ARG4)"
2,28.070520999999644,0.4443203883739847,0.4503120672864622,0.4523092926726737,0.45230929428013433,0.5523092926624749,0.006774847701922763,0.45153977972010173,869.2686948152106,1578.0217489461993,23873.977657420262,620291.1788189257,6498560453077.459,412139660311.2944,30106197209.531082,0.49368932038834945,0.5003467406380028,0.5025658807212205,0.5025658807212205,0.5058945908460472,0.0023679501776930653,0.5011961165048544,1.0,3.0,3.0,7.0,13.0,1.9208164930570542,4.592,1536.0593157769977,39.19259261361766,-4.4616403949163,33.97746031746031,7,"div(add(ARG1, ARG2), sub(ARG3, ARG5))"
3,28.16939999999977,0.43995175188244173,0.44257284848684264,0.4546810049745507,0.4596740644399232,0.5596740640606548,0.010891461456307226,0.4520963436226642,642.2789262077392,1577.8953865707488,11832.07578156858,244271.99451801923,246672382781.55035,15947304606.674438,1362673051.7425292,0.4888349514563106,0.49174757281553394,0.5050624133148405,0.510748959778086,0.5108876560332871,0.009256867641212052,0.5017154682241906,1.0,3.0,5.0,7.0,15.0,2.2950143787252353,4.800796812749004,741449.8692538724,861.0748337130011,-2635.3126183535105,921.3328,13,"add(sub(ARG1, ARG5), sub(sub(add(ARG1, ARG7), sub(ARG2, ARG1)), -0.5172))"
4,28.10680400000001,0.44182385575590055,0.4439459084604741,0.45193481276066416,0.4560540915395299,0.5439459084604722,0.008170610822120996,0.45043145976387755,925.9960709625728,1583.6007137399822,8920.744207364969,93599.52625727777,1.4901206707514646e+17,9405482702614376.0,596053413982245.8,0.49091539528432726,0.49327323162274617,0.5020804438280166,0.5067267683772538,0.5078363384188627,0.0062644701246494065,0.5000349514563107,1.0,3.0,5.0,7.0,15.0,2.592098763550494,5.032,8566.970801090913,92.55793213491167,-29.46087693927272,45.4,5,"sub(ARG1, div(ARG2, ARG7))"
5,27.899233000000095,0.44382108769670375,0.44918862912519114,0.4491886296012701,0.45081137542896427,0.5484396684178413,0.010168014475069317,0.45100921121907983,873.5148072099036,1544.89754410885,2172.757295039355,52615.71090616709,67774548249.34885,6860801412.870723,977721908.1136682,0.49313453536754503,0.4990984743411928,0.4990984743411928,0.5008321775312066,0.5047850208044382,0.0015933249045724295,0.4995184466019418,1.0,3.0,5.0,5.0,15.0,2.2624022630823193,4.744,3547.067413027217,59.557261631367986,-11.61201730135089,15.9857,5,"add(sub(ARG7, ARG4), 0.9643)"
6,28.10061500000029,0.444383136565503,0.45099893901226723,0.4512486021991049,0.4512711038680975,0.5512484575050409,0.010481757357933023,0.45236283276919464,884.34609783617,1549.020591172783,3432.9768293647885,48387.838868835825,462505083.72656417,47545835.41124606,7501032.167172167,0.49375866851595007,0.5004854368932039,0.5013869625520111,0.5013869625520111,0.5074895977808599,0.002466621514912315,0.500823336335656,1.0,3.0,3.0,5.0,13.0,2.1411590669091227,4.49003984063745,1497.066283698585,38.691940810698355,-4.322996062023465,33.4950576923077,3,"div(-0.1315, ARG1)"
7,27.953551999999945,0.4418240253039545,0.4470665978858744,0.4470666475940827,0.45112356203916687,0.5529334371672439,0.009154036174134666,0.44959555127294165,720.440620183634,1532.226033311154,2252.006365956645,47889.43569495658,6336474571.743238,541877156.4225684,71533821.47517937,0.49091539528432726,0.4967406380027739,0.4967406380027739,0.4992024965325935,0.5090846047156727,0.0032060182979644293,0.4982962552011096,1.0,3.0,3.0,5.0,15.0,2.127293115675412,4.432,10435.093172815534,102.15230380571715,-36.10320676551186,58.75,3,"sub(ARG7, ARG2)"
8,28.066545000000133,0.4456936904859275,0.44968795394748584,0.44968795756721175,0.45018754133585004,0.5458183120311904,0.006434447558545773,0.4503580877300198,269.63380774534744,1540.528054444002,1671.9453613286016,45595.60673497522,6535779187.478335,430003253.01790553,34211254.723500095,0.4952149791955617,0.4996532593619972,0.4996532593619972,0.49979195561719836,0.5054785020804438,0.0012919322260682253,0.4998162689049626,1.0,3.0,3.0,5.0,17.0,2.1414852212967737,4.418326693227091,13207.482790938513,114.92381298468352,-45.960765632714676,104.19,3,"sub(ARG3, ARG1)"
9,28.060265999999956,0.4401073042556184,0.44769174131725487,0.4476925838124486,0.4498138726122357,0.5469419390599728,0.006940458401159595,0.44938981845931747,269.63380774534744,1513.2657185867786,1585.327847431978,20566.30810124826,140810656.8795088,8877218.660475546,655144.2811096321,0.48855755894590847,0.49743411927877945,0.49743411927877945,0.4996532593619972,0.5114424410540915,0.0035152241477571303,0.4988050571638549,1.0,3.0,3.0,5.0,11.0,2.0073356368051547,4.306772908366534,17627.314892894457,132.76789857828757,-61.676000909667316,77.15,7,"sub(sub(ARG2, ARG1), div(ARG7, ARG1))"
10,28.04272499999979,0.4425106739283446,0.4477531368577595,0.44775314204192,0.4477593431371997,0.54775312438247,0.0066638370199287025,0.4487413050796615,269.63380774534744,1456.3433102725903,1576.026943928049,21509.708054091552,7254601717.134517,463168283.28645,36620651.16207295,0.49167822468793343,0.49750346740637996,0.49750346740637996,0.49750346740637996,0.5083217753120666,0.0022265859744136285,0.4980405700360831,1.0,3.0,5.0,5.0,13.0,2.079849178855049,4.290836653386454,17627.314892894457,132.76789857828757,-61.676000909667316,77.15,7,"sub(sub(ARG2, ARG1), div(ARG7, ARG1))"
11,28.057882000000063,0.4441955630164442,0.4464424419331503,0.44644244221805107,0.4464428495601716,0.545693481479299,0.006524601415822277,0.4475239474857353,269.63380774534744,1451.7485213760096,1551.1662341758522,18738.965016270853,132632773805.6993,8354787134.316932,540666304.8142627,0.49355062413314843,0.49604715672676836,0.49604715672676836,0.49604715672676836,0.505617198335645,0.0022328458070446813,0.49679589547496555,1.0,3.0,5.0,5.0,17.0,2.4004570920732795,4.45816733067729,1490.5355015404248,38.60745396345665,-4.299775094396076,33.22754966887417,5,"div(ARG7, sub(ARG0, ARG3))"
12,27.94758499999989,0.4386407767137209,0.44538141470572623,0.4453814147070532,0.44538141637722367,0.5453814147038856,0.006908845504464831,0.4468921624120581,609.8331758454482,1296.814106124889,1547.2772808577638,6908.930810226796,29282818377244.05,1848295155356.1213,117216197373.24089,0.487378640776699,0.4948682385575589,0.4948682385575589,0.4948682385575589,0.5073509015256588,0.0032923031692714275,0.496102080443828,1.0,3.0,3.0,5.0,17.0,2.5962557655208007,4.384,3862.5786700740346,62.14964738495332,-12.733854855954734,29.931840000000008,5,"add(mul(ARG2, -0.2704), ARG7)"
13,27.951010999999653,0.44182385755988,0.44644244237193165,0.4464424427812518,0.446442442864034,0.5525589462177639,0.006871882585126889,0.4472079578984806,269.63380774534744,1148.8212080443845,1506.7113495145636,1601.8969743444522,87174550486.26128,5504710963.468235,369177140.7772476,0.49091539528432726,0.49604715672676836,0.49604715672676836,0.49604715672676836,0.5045076282940361,0.0018327249898933051,0.49642718446601936,1.0,3.0,3.0,5.0,19.0,2.8557759015721107,4.112,1512.284443966255,38.88810157318373,-4.377106029002294,33.7,5,"div(ARG4, sub(ARG3, ARG1))"
14,27.970168999999714,0.4428224687978296,0.446816920946428,0.4468169209473239,0.4468169209529081,0.5468169209439074,0.006467195089097131,0.44782913219780673,269.63380774534744,1148.8212080443845,1461.3324621818974,1567.520467557919,34881385028436.59,2197300758359.7153,139009912495.5212,0.4920249653259362,0.49646324549237164,0.49646324549237164,0.49646324549237164,0.5036754507628294,0.0018025463429681436,0.497145122699217,1.0,1.0,3.0,5.0,17.0,2.863120183160203,3.9243027888446216,1543.0285181174504,39.281401682188616,-4.486420217304674,32.980448271523116,9,"div(add(ARG1, ARG3), add(ARG6, div(ARG0, -0.6011)))"
15,27.640644000000066,0.4416366160015184,0.44787794729578634,0.44787794729578634,0.4478779472959044,0.5521220527046623,0.006649587235265944,0.4483872889559346,269.63380774534744,1148.8212080443845,1148.8212080443845,1545.5125816481539,316200949070205.2,19918622741496.0,1259870788981.346,0.4907073509015256,0.4976421636615811,0.4976421636615811,0.4976421636615811,0.5054091539528432,0.0012381523927220953,0.49776538782456853,1.0,1.0,3.0,5.0,17.0,2.9676755718957866,3.5258964143426295,1543.0285181174504,39.281401682188616,-4.486420217304674,32.980448271523116,9,"div(add(ARG1, ARG3), add(ARG6, div(ARG0, -0.6011)))"
16,27.502514000000247,0.4445076284230744,0.44912621371576145,0.44912621371576145,0.449126213754244,0.5491262136212257,0.006790387093302833,0.4499632487546419,269.63380774534744,1148.8212080443845,1148.8212080443845,1539.178991935788,930005400673.2136,61763192774.25136,5051051541.447414,0.4938973647711512,0.4990291262135922,0.4990291262135922,0.4990291262135922,0.507628294036061,0.0015048822452047132,0.49935569787424505,1.0,1.0,1.0,5.0,15.0,2.7078271839769963,3.1195219123505975,1520.8386981603442,38.997931972866766,-4.407521690542803,33.693069540229885,5,"div(sub(ARG4, 0.2741), ARG3)"
17,27.64988799999992,0.44756588074596004,0.4499375867088426,0.4499375867088426,0.4499375867088426,0.549937586690718,0.0063596903190642025,0.45040205498815533,269.63380774534744,1148.8212080443845,1148.8212080443845,1332.727089131791,4850789744494.459,305565464067.8222,19394284967.92917,0.4972954230235783,0.4999306518723994,0.4999306518723994,0.4999306518723994,0.5067267683772538,0.0010046893474826232,0.5000024865862487,1.0,1.0,1.0,5.0,15.0,2.6104344515624884,2.9203187250996017,1520.8386981603442,38.997931972866766,-4.407521690542803,33.693069540229885,5,"div(sub(ARG4, 0.2741), ARG3)"
18,27.356134999999995,0.4453190049408591,0.44781553647757394,0.44781553647757394,0.44781553674501895,0.5521844666054733,0.007109099944400682,0.4487832122057255,269.63380774534744,1148.8212080443845,1148.8212080443845,1200.0628462435309,46008216563.38057,3151658090.1804776,320702154.32929,0.4947988904299584,0.4975728155339806,0.4975728155339806,0.4975728155339806,0.5039528432732316,0.0010517875396635148,0.4978735090152566,1.0,1.0,1.0,3.0,15.0,2.4992798962901297,2.76,1592.7792158248574,39.909638131970794,-4.663314701445475,35.96,7,"div(add(ARG4, mul(ARG2, -0.2704)), ARG4)"
19,27.44184099999984,0.4481276005651065,0.4492510402298298,0.4492510402298298,0.4492510402298298,0.55024965326122,0.00637810496599594,0.44966736438505484,269.63380774534744,1148.8212080443845,1148.8212080443845,1167.906946071865,14512990470009.61,916034393907.4094,58537014125.44125,0.49791955617198336,0.4991678224687933,0.4991678224687933,0.4991678224687933,0.5018030513176144,0.0002550346197559288,0.4991822468793342,1.0,1.0,1.0,3.0,11.0,2.230034977304168,2.712,1095.608323436741,33.099974674261325,-2.895564848849462,27.583400809716597,5,"sub(ARG4, div(ARG7, ARG1))"
20,27.504617000000053,0.4457559021305637,0.44912621808352027,0.4491262193746556,0.4491262193746556,0.5491262149493951,0.006465260061757927,0.449623706928705,269.63380774534744,1029.2206762320861,1148.8212080443845,1148.8212080443845,19867472586.686024,1268945967.5225177,101418540.0967526,0.4952843273231623,0.4990291262135922,0.4990291262135922,0.4990291262135922,0.5095700416088765,0.0011065595776147735,0.49901470180305135,1.0,1.0,3.0,5.0,9.0,2.322812088826817,3.112,1095.608323436741,33.099974674261325,-2.895564848849462,27.583400809716597,5,"sub(ARG4, div(ARG7, ARG1))"
21,27.886101000000053,0.44045076282940365,0.44045076282940365,0.44045076282940365,0.44045076282940365,0.5404507628294036,0.006850655622090138,0.4418578640776854,269.63380774534744,937.5292640866539,1148.8212080443845,1398.2085386588158,5.7909057818693435e+20,3.6551580767665525e+19,2.3163623128378655e+18,0.48938973647711514,0.48938973647711514,0.48938973647711514,0.48938973647711514,0.5106102635228849,0.0031224324664547156,0.4905087378640776,1.0,1.0,3.0,6.5,13.0,2.693233001431551,4.136,1095.608323436741,33.099974674261325,-2.895564848849462,27.583400809716597,5,"sub(ARG4, div(ARG7, ARG1))"
22,27.93742199999997,0.44525658807334356,0.4482524271853163,0.44825242718536273,0.4482524271856897,0.5482524271846765,0.006363929037201234,0.448848706480635,269.63380774534744,1101.4045718923217,1148.8212080443845,1536.3460826004448,128122503409925.14,8079900398580.921,538407901741.66516,0.49472954230235777,0.4980582524271845,0.4980582524271845,0.4980582524271845,0.5036061026352289,0.0010405159552117987,0.49825386387874293,1.0,1.0,5.0,7.0,15.0,2.850118005987332,4.282868525896414,1095.608323436741,33.099974674261325,-2.895564848849462,27.583400809716597,5,"sub(ARG4, div(ARG7, ARG1))"
23,28.014337999999952,0.4423231661928568,0.4466920970872007,0.44669209789326886,0.4466920989789974,0.5466920951536532,0.007676113337169502,0.4478648844857182,269.63380774534744,955.8243151295311,1148.8212080443845,1528.4609424319456,32091634004.00565,2424459388.776472,336308621.7556813,0.4914701803051318,0.4963245492371706,0.4963245492371706,0.4963245492371706,0.5065880721220527,0.0016137147942160781,0.49646324549237186,1.0,1.0,5.0,7.0,13.0,2.7708468776112385,4.418326693227091,1134.3200547321308,33.67966826933025,-3.033208983570325,24.8985,11,"mul(0.1014, add(ARG2, add(sub(ARG3, ARG5), add(ARG6, ARG7))))"
24,28.03480300000001,0.4444452150332565,0.45305825245523895,0.453058252465168,0.4530582526003364,0.5530582524360993,0.006502650916909242,0.45355288296215746,269.63380774534744,933.9806258714572,1148.8212080443845,1577.6913634477605,3024517443044.0376,193729341605.50446,14371223910.231678,0.4938280166435506,0.5033980582524271,0.5033980582524271,0.5033980582524271,0.5089459084604715,0.0012546888557111754,0.5034196948682386,1.0,3.0,5.0,7.0,15.0,2.95411306486397,4.904,1521.761901262073,39.00976674195929,-4.410804248254817,33.82775751295337,5,"add(-0.2704, div(ARG7, ARG3))"
25,28.19988999999987,0.4442579766785477,0.4537447989583431,0.4537447990655951,0.4537447991233968,0.5537447989260582,0.006708257027289075,0.45336824680437454,233.66817911234872,892.2303856357312,1158.6023627227657,1582.5911252726542,655850332866.2528,41316199966.83262,2729462888.549339,0.49361997226074894,0.5041608876560333,0.5041608876560333,0.5041608876560333,0.5063800277392511,0.0023992752428892484,0.5032800835492979,1.0,3.0,5.0,7.0,15.0,3.0697256399417525,5.207171314741036,10981.970706796117,104.79489828610988,-38.04769445552642,59.699999999999996,3,"sub(ARG4, ARG2)"
26,28.338452999999845,0.43932734366254683,0.45911250457522546,0.46067269176329256,0.4606726973069747,0.5606726801505252,0.012070261583757558,0.4597507927219909,254.97870021055596,1148.8212080443845,1561.5483722392296,10088.968599077089,7696774035.908848,786939306.315155,152240089.35614282,0.48814147018030507,0.5097780859916783,0.5118585298196949,0.5118585298196949,0.5118585298196949,0.006340967253103803,0.5086364666161982,1.0,3.0,5.0,7.0,19.0,3.5600323838580277,5.764940239043825,1990.983376643886,44.62043675989609,-6.079176646238168,35.5479905474827,9,"div(ARG0, add(add(ARG3, 0.1014), div(ARG0, -0.6011)))"
27,28.360156000000188,0.4453814209373586,0.4511234428746953,0.45386962791072816,0.45386962969319744,0.5480887626165046,0.009555841350601306,0.45332674518046,269.17484130459815,1148.8212080443845,1573.1269187393132,11769.504703811977,37413500654.76284,3518899711.698888,429795122.9231392,0.4948682385575589,0.5011442441054091,0.5042995839112344,0.5042995839112344,0.507628294036061,0.00306691040486678,0.5024199722607491,1.0,3.0,5.0,9.0,25.0,3.798686088636438,6.272,1990.983376643886,44.62043675989609,-6.079176646238168,35.5479905474827,9,"div(ARG0, add(add(ARG3, 0.1014), div(ARG0, -0.6011)))"
28,28.38020200000028,0.4391400834304996,0.44975034771317673,0.4502496533507314,0.4502496550993895,0.5502496532773312,0.007303456184102031,0.45072274981052146,228.7408458558677,1510.7351390970593,1589.6795912805828,21784.411853101992,1272963659460.2107,80366044545.50467,5443952030.968174,0.48793342579750343,0.49972260748959774,0.5002773925104023,0.5002773925104023,0.5110957004160888,0.004088109481641731,0.5003278779472954,1.0,5.0,7.0,9.0,21.0,3.3896312483808617,6.48,2697.110200427172,51.93370967326686,-8.589894002721186,42.38924,5,"mul(0.1014, sub(ARG3, ARG0))"
29,28.441705999999613,0.4446324586632658,0.44850234678365236,0.45149792144481604,0.45149793107719655,0.5514979201998504,0.007859722671838222,0.4513755162487506,206.95802545380727,1261.7128272596137,1596.6750158129287,68244.0563768245,32152395353.24455,2430434874.3081336,290552059.97737837,0.4940360610263522,0.49833564493758664,0.5016643550624134,0.5016643550624134,0.5065187239944522,0.0024590325832913747,0.5005242718446602,1.0,5.0,7.0,9.0,23.0,3.5445417193200024,6.832,1185.3002218938398,34.42818934962801,-3.2144749916275277,28.986341283999995,7,"mul(0.1014, add(mul(ARG1, 0.7768), -0.4967))"
30,28.72687599999972,0.445880738966983,0.4495012115537407,0.4500000156827639,0.4500010431046636,0.5500000018937475,0.007068183209798004,0.45049165412087494,190.43879092698862,1196.3935171472745,2139.114818847658,63482.04003675827,10056187151.999697,700793428.5491859,76947791.43284728,0.4954230235783633,0.499375866851595,0.5,0.5,0.5042995839112344,0.0011007219111126515,0.4996960839029458,1.0,5.0,7.0,9.0,27.0,4.464427421805419,7.0717131474103585,1185.3002218938398,34.42818934962801,-3.2144749916275277,28.986341283999995,7,"mul(0.1014, add(mul(ARG1, 0.7768), -0.4967))"
31,28.608220999999958,0.4466299439144794,0.44925137576887797,0.4507493459583078,0.4526216104770908,0.5492510818646906,0.008974393428374307,0.45167938608660857,190.43879092698862,1175.1317007595535,1626.2301864883211,30095.12053407106,457315494.8394659,41114160.758026466,5428652.139805397,0.49625520110957,0.4991678224687933,0.5008321775312067,0.5020457697642163,0.5047156726768377,0.0018454258054757275,0.5005470180305132,1.0,5.0,7.0,9.0,25.0,4.948373470141476,7.64,1185.3002218938398,34.42818934962801,-3.2144749916275277,28.986341283999995,7,"mul(0.1014, add(mul(ARG1, 0.7768), -0.4967))"
32,28.630955000000085,0.44388377118232003,0.4493758767524347,0.45436893481014345,0.4543689452882784,0.5455062429307046,0.006951018038846464,0.45225314397236455,190.43879092698862,1180.7059534387724,2307.3640542206613,47415.65165138662,11908225596.100857,762805631.3539653,63534231.50143243,0.49320388349514566,0.49930651872399445,0.5048543689320388,0.5048543689320388,0.507628294036061,0.004016232191715604,0.5019106796116505,1.0,3.0,5.0,9.0,25.0,4.651881339845203,7.2,32558.65426491422,180.44016810265452,-114.76614230383373,185.31757703081234,9,"sub(sub(ARG7, ARG3), div(div(ARG3, ARG4), ARG1))"
33,28.83647499999961,0.441511789306105,0.4430097093070998,0.44862696880897635,0.45699029169419514,0.5438834951679821,0.008702452886709136,0.4501361761840808,254.97870021055596,1539.7354017067016,8702.706039659337,68639.04952894045,1140794105667.5464,72698261282.64264,5324281159.775618,0.4905686546463245,0.49223300970873785,0.4984743411927878,0.5077669902912622,0.5094313453536754,0.007009555736716278,0.49963273231622746,1.0,5.0,7.0,11.0,27.0,4.886710140779786,8.008,1359.7561248590382,36.87487118430433,-3.834773567977984,31.503614456004307,17,"add(div(add(add(0.7768, ARG3), ARG2), add(ARG2, div(add(ARG3, ARG4), -0.6011))), div(ARG7, ARG4))"
34,28.71316200000001,0.44488210818439744,0.4498751733761231,0.4546185852989693,0.4546185852995681,0.5453814147020092,0.006869554506467387,0.452596309135547,241.7711719982983,1195.9785986043012,1607.4853965252892,22453.591805337102,117262923665501.78,7386741684822.273,468651644588.0577,0.4943134535367545,0.4996532593619972,0.5051317614424411,0.5051317614424411,0.5062413314840499,0.00399781720336535,0.5024407225467065,1.0,5.0,7.0,9.0,29.0,4.777900800368066,7.557768924302789,1494.2984962614225,38.656157287829615,-4.313154866754452,33.49145046904315,13,"mul(0.1014, div(add(0.1014, div(-0.0594, ARG1)), add(0.1014, mul(ARG1, -0.2704))))"
35,28.818041999999878,0.4454438284003369,0.4498127605609312,0.4498128835821826,0.45018724871772625,0.5510610264305054,0.007832901224210438,0.45109122649848443,228.69470493165898,1521.7453611642052,1700.004287552656,20852.297441054114,292385272834.30286,22362302803.5352,2681080916.9961686,0.4949375866851595,0.49979195561719836,0.49979195561719836,0.5002080443828016,0.5053398058252427,0.00146402542794104,0.5001936199722608,1.0,5.0,7.0,9.0,29.0,4.917631950441188,7.664,1113.458174067488,33.36852070541168,-2.9590321018694374,28.391289166577373,11,"mul(0.1014, add(add(ARG1, div(ARG4, ARG5)), div(0.1014, -0.4957)))"
36,28.775125000000116,0.44638002801341675,0.4495943217883103,0.45062413341610913,0.45062417302291324,0.5506241331853878,0.0064659562869455465,0.4508461008166077,211.07856056830772,1210.0250957593912,1611.5685418142937,23522.712434645087,570747245711.6826,36179091458.93442,2626218554.6289315,0.49597780859916785,0.4994452149791956,0.5006934812760055,0.5006934812760055,0.5040221914008322,0.0013219400199802594,0.5004288488210819,1.0,5.0,7.0,11.0,31.0,5.204699414951837,8.152,1513.7131160345816,38.90646624964264,-4.382185841350241,33.68,9,"div(div(-0.2704, div(ARG0, 0.1014)), sub(ARG1, ARG4))"
37,28.846692000000075,0.44344668958501143,0.4498127965561368,0.44981288355349414,0.4501887859399885,0.5498127674965064,0.007837389872128349,0.45097004003773955,228.69470493165898,1527.9138507281186,1843.2496287785177,25031.33016336069,3073429189.561936,235423893.08564207,29576578.719998028,0.49271844660194175,0.49979195561719836,0.49979195561719836,0.5002080443828016,0.5071428571428571,0.0022296794699350497,0.5000085649081897,1.0,5.0,7.0,9.0,31.0,5.305851588425328,7.741035856573705,2579.7535201280634,50.791274054979795,-8.172618459289021,31.937070707070706,11,"add(div(div(ARG1, div(ARG0, ARG6)), ARG4), div(0.1014, -0.0594))"
38,29.69426999999996,0.4446948684617622,0.44943828140500436,0.4505617198896417,0.4505617200569273,0.5494382801750858,0.006439892477241035,0.45045378655312146,190.43879092698862,1362.3871641250805,1590.455223995778,29221.74879727667,2201528233666.2744,138681011788.41437,8791369613.628143,0.49410540915395285,0.49937586685159496,0.5006241331484049,0.5006241331484049,0.5072815533980582,0.0016785002694771603,0.5000605069320497,1.0,3.0,7.0,11.0,31.0,5.251642857462611,7.956175298804781,43798585.87440703,6618.050005432645,-155730.0472290383,144.10201999999998,17,"mul(0.1014, add(add(add(ARG1, ARG3), sub(mul(ARG2, ARG6), add(ARG5, div(ARG3, ARG3)))), ARG4))"
39,29.135951000000205,0.44201109743365297,0.4467545083500708,0.44675451349467254,0.45305830752982257,0.5467545078530998,0.007579941295346682,0.4491547080345989,189.9395751759032,1234.8020097809251,1663.8416621492768,47758.44608293474,84490552280.38612,5831432881.621179,615697126.296741,0.491123439667129,0.49639389736477113,0.49639389736477113,0.5031900138696255,0.5059639389736477,0.0036953831037151697,0.4982511010051334,1.0,5.0,7.0,11.0,25.0,4.975290127120053,8.235059760956176,1402.7988859023303,37.453956879111324,-3.9878171907132547,32.54707070707071,7,"add(div(ARG7, ARG4), div(0.1014, -0.0594))"
40,28.728541999999834,0.4450693481276795,0.4451941747573608,0.4461927889425622,0.44865811382457177,0.5548058252427281,0.007475510541589985,0.44822009060361295,190.43722516749048,1173.251958195246,1575.2179805451237,42892.03115323897,1967818312375883.8,124432215992022.58,8383433451665.228,0.49452149791955613,0.49466019417475726,0.49576976421636615,0.49850901525658803,0.5063106796116505,0.0035345466878931053,0.49754895977808605,1.0,3.5,7.0,13.0,27.0,5.520863700545414,9.008,1506.1635993998914,38.80932361430551,-4.355342642919938,33.553365618974865,7,"add(div(0.1014, ARG4), div(-0.6011, ARG3))"
41,28.6085750000002,0.44363384188626975,0.44850208044382817,0.44850208044382883,0.448502080443841,0.5485020804438281,0.006603540964686282,0.4486793490467132,190.43722516749048,1151.7874576172387,1568.667826590983,21959.058413706698,1.887867473847399e+17,1.1892333804167232e+16,752456361194339.6,0.4929264909847434,0.49833564493758664,0.49833564493758664,0.49833564493758664,0.5067961165048543,0.002150955715511889,0.49808974918633375,1.0,3.0,7.0,11.0,23.0,4.9366263618819675,7.844621513944223,1167.8036030592189,34.17314154506751,-3.152263695995835,29.500000000000004,5,"sub(ARG4, div(ARG3, ARG1))"
42,28.780285999999705,0.4444452149801379,0.44881414701918687,0.45118585298263914,0.4511858529831253,0.552933425797643,0.006660221395802402,0.4506614237590059,190.43722516749048,1152.400514246268,1490.6197714268842,9079.545044784261,136448052462015.64,8612362393313.744,548226946964.21216,0.4938280166435506,0.4986823855755894,0.5013176144244105,0.5013176144244105,0.5061719833564493,0.001713354086610159,0.5002884882108182,1.0,5.0,7.0,11.0,27.0,5.651171913859992,9.016,1220.9128281819258,34.94156304720677,-3.3410998211985623,27.269805379999998,5,"mul(0.1014, add(ARG2, -0.4967))"
43,30.193119000000024,0.4436338421994746,0.44550624159298646,0.4488794623799892,0.45112344000195526,0.5488765603751727,0.007289989121744815,0.44931636967144856,190.7109735718388,1151.175068775605,1337.3335387340849,3411.5131625649,450835910646.2415,30527666258.678726,3063323918.878003,0.4929264909847434,0.49500693481276004,0.49875173370319004,0.50124826629681,0.50499306518724,0.0029149505250167305,0.4984854368932039,1.0,5.0,9.0,15.0,35.0,6.090811440194155,10.504,1339.9480714959193,36.605301139260135,-3.764343693765772,30.71117092025,9,"sub(ARG4, div(div(add(ARG4, ARG0), 0.7768), ARG1))"
44,29.33075000000008,0.44382108523679914,0.4474410553629332,0.44794036216820327,0.45143550750501615,0.5514355064937065,0.006744026282458125,0.449387514006502,228.7408458558677,1151.1047669723039,1195.2611945816334,2769.880190132001,90635274939.57542,5710999922.7351465,373180667.0736874,0.49313453536754503,0.4971567267683772,0.4977115117891817,0.5015950069348127,0.5028432732316228,0.0021796277510773435,0.49886197236021235,1.0,7.0,11.0,17.0,29.0,6.294740026715674,11.92430278884462,3937.5316671553906,62.74975431948232,-13.000359093372483,35.22,11,"sub(ARG4, div(div(add(div(ARG0, ARG4), ARG3), 0.1014), ARG1))"
45,29.27272499999981,0.44294735876701086,0.4465672676916016,0.44750346741357827,0.44794036062441756,0.5465672676850705,0.0065149289291230586,0.44819796120755495,191.04948457081792,1150.4250566200114,1178.7033774836418,2187.8448443681227,14719453519590.834,929066053607.4081,59084015175.5651,0.49216366158113733,0.4961858529819695,0.49701803051317617,0.4977115117891817,0.5047850208044382,0.0021034003709223853,0.49755173370319,1.0,7.0,11.0,17.0,35.0,6.570084930957895,12.272,14223977.518081382,3771.468880699055,-50574.032742038275,53.70193293885602,15,"sub(ARG4, div(div(sub(sub(ARG6, ARG0), mul(add(-0.1441, ARG2), ARG3)), ARG1), 0.1014))"
46,29.555924000000232,0.44057559021565357,0.44856449387817204,0.44856449388081293,0.45006241382219847,0.5465672677027056,0.006583565531921753,0.4497451508425926,182.01137816782224,1151.2003371740386,1178.667182709941,2920.429498338627,961339305248.4159,60678570792.45731,3847674001.447664,0.48952843273231617,0.49840499306518726,0.49840499306518726,0.5000693481276006,0.5042302357836339,0.0026587333990160692,0.4992721220527046,3.0,7.0,11.0,18.5,35.0,7.097835162921157,13.144,9932.050319745425,99.65967248463856,-34.31457846289199,45.541932938856014,11,"sub(ARG4, div(div(sub(sub(ARG6, ARG0), ARG1), ARG1), 0.1014))"
47,29.608471000000463,0.44463245557468606,0.45074895977809865,0.45324549237171685,0.453495145631077,0.550748959778088,0.006646330648693706,0.4525373969208155,255.75286176981797,1154.9373288076968,1404.8922623143485,6578.6499809721445,1.2908161240715736e+16,813131038321732.0,51430687712004.93,0.4940360610263522,0.5008321775312067,0.5036061026352289,0.503883495145631,0.5092926490984744,0.002629265847322485,0.502376623878964,3.0,7.0,13.0,19.0,41.0,7.217856937519315,13.533864541832669,78774016.02373803,8875.472721142127,-280089.32175128075,1806.1460893592678,25,"sub(div(0.7768, div(0.1014, div(add(div(add(-0.6011, ARG4), ARG4), 0.1014), div(0.1014, ARG1)))), div(div(ARG3, div(add(ARG3, ARG4), ARG0)), ARG4))"
48,29.533779000000322,0.44213592233197213,0.44563106796243473,0.44787794729961716,0.4521220527063846,0.5521220527048583,0.0071453178345171975,0.44924873203823873,254.41018873167664,1173.0146515888323,1632.7844133219141,35502.903521058484,90458709988112.2,5709649959018.151,361955032815.9524,0.49126213592233003,0.49514563106796117,0.4976421636615811,0.5023578363384189,0.5063800277392511,0.0032577675564194907,0.49872066574202495,3.0,7.0,13.0,17.0,37.0,7.427878297333633,13.432,1722.7673547728248,41.506232722000014,-5.125502888611342,32.803948843765866,15,"sub(ARG4, div(div(mul(div(ARG4, ARG6), mul(ARG6, ARG5)), add(0.1014, ARG4)), ARG1))"
49,29.683665999999903,0.44488210818467605,0.44937586685175124,0.45000000000011375,0.4504993065188407,0.5503744798890683,0.006509367986505227,0.45040693398004367,255.84132187272792,1150.813449722504,1424.7807944470844,4068.159301217105,1010163440990420.6,63632639178928.266,4050413690858.0884,0.4943134535367545,0.49930651872399445,0.5,0.5005547850208044,0.5055478502080444,0.0017209398352678997,0.500006630896663,1.0,7.0,13.0,21.0,43.0,8.064981087254871,14.55378486055777,15672.4800677723,125.18977621104808,-54.7253547096046,55.6186,5,"sub(sub(ARG7, ARG1), 0.1014)"
50,29.56041600000026,0.4375797503467409,0.4487205270457699,0.45093619972260773,0.46129680998613065,0.5387031900138697,0.00937851251855551,0.45297247762544607,609.8331758454482,1160.4616127764634,1604.760030075545,18810.27749950013,5.5295589618128595e+17,3.490605585916431e+16,2256277618462980.5,0.48619972260748956,0.4983356449375867,0.5010402219140083,0.5125520110957005,0.5135228848821082,0.008555832446208287,0.5028493758668515,3.0,7.0,13.0,19.0,39.0,7.981594828102965,13.512,1552.9884995523576,39.407975075514315,-4.521834108147808,34.5586,7,"sub(0.1014, div(div(ARG3, ARG1), ARG4))"
